ID,Age,Work Exp,Income,Fam Size,Crdt_Crd_Avg,Education,Mortgage,Sec_Account,CD_Account,Online_ Bank,Credit_Card,Accept
1,25,1,49,4,1.60,1,0,1,0,0,0,0
2,45,19,34,3,1.50,1,0,1,0,0,0,0
3,39,15,11,1,1.00,1,0,0,0,0,0,0
4,35,9,100,1,2.70,2,0,0,0,0,0,0
5,35,8,45,4,1.00,2,0,0,0,0,1,0
6,37,13,29,4,0.40,2,155,0,0,1,0,0
7,53,27,72,2,1.50,2,0,0,0,1,0,0
8,50,24,22,1,0.30,3,0,0,0,0,1,0
9,35,10,81,3,0.60,2,104,0,0,1,0,0
10,34,9,180,1,8.90,3,0,0,0,0,0,1
11,65,39,105,4,2.40,3,0,0,0,0,0,0
12,29,5,45,3,0.10,2,0,0,0,1,0,0
13,48,23,114,2,3.80,3,0,1,0,0,0,0
14,59,32,40,4,2.50,2,0,0,0,1,0,0
15,67,41,112,1,2.00,1,0,1,0,0,0,0
16,60,30,22,1,1.50,3,0,0,0,1,1,0
17,38,14,130,4,4.70,3,134,0,0,0,0,1
18,42,18,81,4,2.40,1,0,0,0,0,0,0
19,46,21,293,2,8.10,3,0,0,0,0,0,1
20,55,28,21,1,0.50,2,0,1,0,0,1,0
21,56,31,25,4,0.90,2,111,0,0,1,0,0
22,57,27,63,3,2.00,3,0,0,0,1,0,0
23,29,5,62,1,1.20,1,260,0,0,1,0,0
24,44,18,43,2,0.70,1,163,1,0,0,0,0
25,36,11,152,2,3.90,1,159,0,0,0,1,0
26,43,19,29,3,0.50,1,97,0,0,1,0,0
27,40,16,83,4,0.20,3,0,0,0,0,0,0
28,46,20,158,1,2.40,1,0,0,0,1,1,0
29,56,30,48,1,2.20,3,0,0,0,1,1,0
30,38,13,119,1,3.30,2,0,0,1,1,1,1
31,59,35,35,1,1.20,3,122,0,0,1,0,0
32,40,16,29,1,2.00,2,0,0,0,1,0,0
33,53,28,41,2,0.60,3,193,0,0,0,0,0
34,30,6,18,3,0.90,3,0,0,0,0,0,0
35,31,5,50,4,1.80,3,0,0,0,1,0,0
36,48,24,81,3,0.70,1,0,0,0,0,0,0
37,59,35,121,1,2.90,1,0,0,0,0,1,0
38,51,25,71,1,1.40,3,198,0,0,0,0,0
39,42,18,141,3,5.00,3,0,1,1,1,0,1
40,38,13,80,4,0.70,3,285,0,0,1,0,0
41,57,32,84,3,1.60,3,0,1,0,0,0,0
42,34,9,60,3,2.30,1,0,0,0,0,0,0
43,32,7,132,4,1.10,2,412,0,0,1,0,1
44,39,15,45,1,0.70,1,0,0,0,1,0,0
45,46,20,104,1,5.70,1,0,0,0,1,1,0
46,57,31,52,4,2.50,1,0,0,0,0,1,0
47,39,14,43,3,0.70,2,153,0,0,1,0,0
48,37,12,194,4,0.20,3,211,1,1,1,1,1
49,56,26,81,2,4.50,3,0,0,0,0,1,0
50,40,16,49,1,1.80,1,0,0,0,0,1,0
51,32,8,8,4,0.70,2,0,1,0,1,0,0
52,61,37,131,1,2.90,1,0,0,0,1,0,0
53,30,6,72,1,0.10,1,207,0,0,0,0,0
54,50,26,190,3,2.10,3,240,0,0,1,0,1
55,29,5,44,1,0.20,3,0,0,0,1,0,0
56,41,17,139,2,8.00,1,0,0,0,1,0,0
57,55,30,29,3,0.10,2,0,1,1,1,0,0
58,56,31,131,2,1.20,3,0,0,0,0,0,1
59,28,2,93,2,0.20,1,0,0,0,0,0,0
60,31,5,188,2,4.50,1,455,0,0,0,0,0
61,49,24,39,3,1.70,2,0,1,0,1,0,0
62,47,21,125,1,5.70,1,112,1,0,0,0,0
63,42,18,22,1,1.00,1,0,0,0,0,0,0
64,42,17,32,4,0.00,2,0,0,0,1,0,0
65,47,23,105,2,3.30,1,0,0,0,0,0,0
66,59,35,131,1,3.80,1,0,0,0,1,1,0
67,62,36,105,2,2.80,1,336,0,0,0,0,0
68,53,23,45,4,2.00,3,132,1,0,0,0,0
69,47,21,60,3,2.10,1,0,0,0,1,1,0
70,53,29,20,4,0.20,1,0,0,0,1,0,0
71,42,18,115,1,3.50,1,0,0,0,0,1,0
72,53,29,69,4,1.00,2,0,0,0,1,0,0
73,44,20,130,1,5.00,1,0,0,0,0,1,0
74,41,16,85,1,4.00,3,0,0,0,1,1,0
75,28,3,135,2,3.30,1,0,0,0,0,1,0
76,31,7,135,4,3.80,2,0,0,1,1,1,1
77,58,32,12,3,0.30,3,0,0,0,0,0,0
78,46,20,29,3,0.50,2,0,0,0,0,0,0
79,54,30,133,2,2.60,3,0,0,0,0,0,1
80,50,26,19,2,0.40,1,118,0,0,1,0,0
81,60,36,41,4,1.30,1,174,0,0,1,1,0
82,47,22,40,3,2.70,2,0,0,0,1,0,0
83,41,16,82,1,4.00,3,0,0,0,1,0,0
84,33,9,50,1,2.40,2,0,0,0,0,0,0
85,46,22,18,1,0.90,3,0,0,0,1,0,0
86,27,2,109,4,1.80,3,0,0,0,0,0,0
87,40,16,42,4,2.20,2,126,0,0,0,0,0
88,48,22,78,3,1.10,1,0,0,0,1,0,0
89,65,41,51,2,1.10,1,0,0,0,1,0,0
90,25,0,113,4,2.30,3,0,0,0,0,1,0
91,55,30,118,4,5.60,2,0,0,0,1,0,1
92,35,10,29,4,1.10,3,0,0,0,1,0,0
93,43,19,34,3,0.60,2,0,0,0,0,0,0
94,60,34,64,2,1.70,3,236,1,0,1,0,0
95,65,39,121,1,2.00,1,0,0,0,0,0,0
96,38,12,48,4,0.20,3,0,0,0,1,0,0
97,41,15,80,1,5.20,1,0,0,0,0,0,0
98,54,28,161,1,2.90,1,0,0,0,1,0,0
99,49,23,94,1,0.30,1,0,0,0,1,0,0
100,66,41,15,3,0.10,3,0,0,0,1,0,0
101,48,23,74,1,1.20,1,0,0,0,1,0,0
102,61,36,30,3,1.30,2,0,0,0,0,0,0
103,53,23,44,3,1.00,3,198,0,0,1,1,0
104,43,18,22,2,0.30,2,0,0,0,1,0,0
105,56,32,38,4,1.30,1,166,0,0,1,1,0
106,24,0,35,3,0.10,2,0,1,0,1,0,0
107,43,17,69,4,2.90,1,0,0,0,1,1,0
108,42,18,43,1,0.70,1,136,0,0,0,0,0
109,33,7,32,1,0.60,3,166,0,0,1,0,0
110,43,17,49,1,2.80,1,0,0,0,1,0,0
111,41,14,9,3,1.00,2,0,0,0,0,0,0
112,62,38,45,4,1.30,2,0,0,0,1,0,0
113,40,15,82,3,1.00,1,309,0,0,0,0,0
114,58,34,92,2,2.80,1,103,0,0,0,0,0
115,39,14,39,3,0.50,3,0,0,0,1,0,0
116,65,40,81,3,1.80,2,0,0,0,1,0,0
117,54,29,35,1,1.50,2,0,0,0,1,0,0
118,58,33,61,2,2.30,3,193,0,0,1,0,0
119,41,16,73,3,3.00,1,0,0,0,1,0,0
120,32,7,112,1,4.60,1,366,0,0,0,0,0
121,54,29,12,2,0.20,3,0,0,0,1,0,0
122,52,26,38,3,0.90,3,0,0,0,1,0,0
123,58,32,73,2,0.70,2,0,0,0,1,1,0
124,37,13,84,1,3.60,2,0,1,0,0,0,0
125,39,15,78,4,2.40,1,118,0,0,1,0,0
126,60,35,80,3,0.50,1,0,0,0,1,0,0
127,31,5,115,2,1.30,1,101,0,0,1,1,0
128,34,8,82,1,2.70,2,251,0,0,1,0,0
129,38,14,74,2,0.00,1,0,1,0,1,0,0
130,41,16,70,3,0.50,3,0,0,0,0,1,0
131,28,4,81,3,1.50,1,276,0,0,1,0,0
132,58,34,149,4,7.20,2,0,0,1,1,1,1
133,31,1,51,2,1.75,3,0,0,0,0,0,0
134,30,4,39,3,1.10,2,0,0,0,1,0,0
135,53,29,98,3,1.80,2,0,0,0,0,0,0
136,58,33,45,4,2.10,1,0,0,0,1,1,0
137,59,32,49,4,2.50,2,0,0,0,1,0,0
138,49,25,128,2,0.40,1,0,0,0,0,0,0
139,59,34,42,3,1.50,1,0,1,1,0,1,0
140,59,35,18,1,1.20,3,0,0,0,1,0,0
141,51,25,31,2,0.40,3,161,0,0,1,1,0
142,35,11,58,3,2.00,1,149,0,0,1,1,0
143,33,9,48,1,2.10,3,0,0,0,0,1,0
144,25,1,54,4,1.60,1,0,0,0,1,1,0
145,49,23,70,2,1.50,2,0,0,0,0,0,0
146,59,35,124,1,7.40,1,0,0,0,0,1,0
147,46,19,84,1,2.67,2,0,0,0,1,1,0
148,50,25,83,4,3.60,3,188,0,0,1,0,0
149,52,28,163,2,0.40,1,116,0,0,1,0,0
150,48,22,42,3,2.20,2,0,0,0,0,0,0
151,46,22,118,2,7.50,1,0,0,1,1,1,0
152,26,0,132,3,6.50,3,0,0,0,0,1,1
153,57,32,24,1,1.30,1,0,0,0,1,1,0
154,60,36,22,2,1.00,1,0,1,1,1,1,0
155,54,29,58,4,1.30,3,0,0,0,0,0,0
156,24,0,60,4,1.60,1,0,0,0,1,0,0
157,26,0,15,4,0.40,1,0,0,0,0,1,0
158,41,17,83,4,2.67,1,0,0,0,1,1,0
159,32,6,79,2,1.50,3,0,0,0,1,1,0
160,61,35,41,4,1.70,2,0,1,0,1,0,0
161,29,0,134,4,6.50,3,0,0,0,0,0,1
162,61,35,80,2,2.80,1,0,0,0,1,0,0
163,38,12,52,1,2.00,1,0,0,0,0,0,0
164,28,4,70,4,2.60,1,0,0,0,1,0,0
165,53,27,92,2,1.10,1,0,1,0,0,0,0
166,27,1,43,1,1.50,1,0,0,0,1,0,0
167,25,1,21,3,1.00,2,0,0,0,0,0,0
168,33,9,23,3,0.90,3,0,0,0,1,1,0
169,50,26,13,4,1.00,1,0,0,0,1,0,0
170,27,1,112,4,2.10,3,0,0,0,0,1,0
171,27,1,138,2,2.00,1,0,0,0,1,0,0
172,52,28,11,3,0.40,1,0,1,0,0,0,0
173,38,13,171,2,7.80,1,0,0,0,1,0,0
174,58,34,42,4,1.50,1,0,0,0,1,1,0
175,42,17,168,2,7.90,2,0,0,0,1,0,1
176,45,20,85,4,1.10,2,0,1,0,1,0,0
177,52,25,44,3,1.00,2,135,0,0,1,0,0
178,29,3,65,4,1.80,2,244,0,0,0,0,0
179,53,29,24,4,0.20,1,0,0,0,1,1,0
180,62,37,11,1,0.10,1,0,0,0,1,0,0
181,51,27,38,2,1.00,3,164,0,0,1,0,0
182,36,12,10,4,0.70,2,81,0,0,0,0,0
183,24,0,135,1,1.50,1,0,0,0,1,0,0
184,29,3,148,3,4.10,1,0,0,0,1,0,1
185,52,26,63,2,1.50,2,0,1,0,1,0,0
186,39,14,115,1,1.00,3,0,0,0,1,0,0
187,48,23,45,1,0.30,1,0,0,0,1,1,0
188,46,21,159,3,1.90,3,315,0,0,1,0,1
189,64,40,169,2,2.10,1,122,0,0,1,0,0
190,55,29,112,2,1.40,1,0,0,0,1,0,0
191,60,36,93,1,4.30,1,0,0,0,1,0,0
192,51,25,29,1,0.30,3,140,0,0,0,0,0
193,50,23,85,1,2.67,2,0,0,0,1,0,0
194,48,24,21,4,0.60,1,0,0,0,1,1,0
195,53,29,144,2,6.80,1,0,0,0,1,0,0
196,34,10,13,4,1.00,1,95,1,0,1,0,0
197,48,24,165,1,5.00,1,0,0,0,0,1,0
198,55,31,9,4,0.70,1,89,0,0,1,0,0
199,27,3,59,4,0.00,1,90,1,0,1,0,0
200,36,11,158,1,5.10,3,0,0,1,1,1,1
201,32,6,29,1,1.90,3,0,0,0,1,1,0
202,35,9,20,2,1.40,3,0,0,0,1,1,0
203,30,3,68,4,2.00,2,0,0,0,1,0,0
204,58,34,65,4,2.20,1,0,0,0,1,0,0
205,56,31,61,2,1.90,2,105,0,0,0,0,0
206,38,12,91,4,1.40,2,100,0,0,0,1,0
207,49,25,31,1,1.00,1,0,1,0,1,0,0
208,34,10,71,4,0.10,2,0,0,0,0,0,0
209,40,16,73,4,2.67,1,0,0,0,1,1,0
210,64,39,172,4,3.10,1,282,0,1,1,1,1
211,51,26,20,2,0.00,1,0,0,0,0,0,0
212,44,18,55,1,0.20,1,0,0,0,0,0,0
213,46,22,69,2,1.70,1,209,0,0,0,0,0
214,57,33,155,1,7.40,1,0,0,0,1,0,0
215,54,28,94,1,1.90,2,0,0,0,0,0,0
216,38,14,92,2,0.00,1,249,0,0,1,1,0
217,27,3,125,2,0.60,1,0,0,0,0,0,0
218,39,14,74,3,3.00,1,0,0,0,0,0,0
219,44,20,72,3,0.30,3,0,0,0,1,0,0
220,65,39,170,3,7.90,3,99,0,1,1,0,1
221,53,29,120,4,2.70,2,111,1,1,1,0,1
222,54,28,170,2,6.20,2,325,0,0,1,0,1
223,65,41,134,3,3.90,3,121,0,0,1,0,1
224,42,16,111,2,1.20,3,251,0,0,1,0,1
225,44,19,172,2,4.30,3,391,1,1,1,0,1
226,41,15,159,1,5.50,3,0,0,1,1,0,1
227,49,25,195,4,3.00,1,617,0,0,0,0,1
228,57,31,165,1,1.60,2,0,0,0,1,0,1
229,40,16,119,2,4.20,2,0,0,0,1,0,1
230,44,20,101,3,4.40,2,82,0,0,0,0,1
231,63,39,101,1,3.90,1,0,1,1,1,0,1
232,59,34,99,1,4.40,1,0,0,0,0,0,1
233,56,30,158,4,6.10,1,0,0,0,0,0,1
234,40,15,173,4,6.60,1,0,0,1,1,1,1
235,26,2,60,2,3.00,1,132,0,0,0,0,1
236,28,4,155,4,5.30,2,0,0,0,1,0,1
237,57,32,174,1,6.80,2,466,0,0,1,0,1
238,65,41,133,4,2.00,1,0,0,0,0,1,1
239,54,30,100,4,3.40,3,0,0,0,0,0,1
240,36,10,179,3,6.60,1,0,0,0,1,0,1
241,28,3,115,4,3.10,2,0,0,0,0,0,1
242,58,32,113,2,3.80,2,119,0,1,1,1,1
243,58,28,122,1,3.00,3,115,0,0,1,0,1
244,29,4,183,3,8.30,3,0,0,0,1,0,1
245,48,22,149,2,5.50,2,0,1,1,1,0,1
246,43,19,83,4,3.60,3,0,0,0,0,1,1
247,64,39,182,1,1.20,2,547,0,0,1,0,1
248,43,19,152,3,6.10,2,0,0,0,0,0,1
249,56,32,173,1,4.60,2,88,0,1,1,0,1
250,36,12,69,3,3.10,2,0,0,0,1,0,1
251,64,39,122,4,0.20,1,378,0,0,1,0,1
252,44,20,131,1,4.90,3,0,0,0,1,0,1
253,53,28,175,3,3.60,3,0,0,1,1,1,1
254,49,25,161,3,6.50,2,485,1,1,0,0,1
255,48,22,152,1,3.50,3,0,0,0,1,0,1
256,28,3,170,1,0.10,3,0,0,0,0,0,1
257,33,8,115,4,2.90,2,0,0,0,1,0,1
258,57,32,165,4,2.70,3,0,0,0,1,0,1
259,47,22,122,1,5.10,3,163,1,0,0,0,1
260,54,29,129,4,4.20,3,0,0,0,0,0,1
261,65,41,185,3,2.00,2,0,0,0,0,0,1
262,65,41,105,1,3.00,2,282,1,1,1,0,1
263,34,9,164,1,6.00,3,0,0,0,1,0,1
264,35,9,109,3,4.00,1,0,0,0,0,0,1
265,45,21,132,3,1.20,2,0,0,1,1,1,1
266,45,20,114,2,4.40,2,0,0,0,0,0,1
267,61,35,152,3,3.30,3,0,0,0,1,0,1
268,64,37,138,2,2.80,2,0,0,0,1,0,1
269,47,21,109,4,1.80,1,0,0,0,0,0,1
270,33,6,78,4,2.00,2,119,1,0,1,0,0
271,26,2,172,2,6.90,2,0,0,0,1,0,1
272,42,18,71,3,2.33,1,106,1,0,1,0,0
273,54,28,165,1,4.10,3,0,0,1,1,1,1
274,41,16,120,2,3.90,1,0,0,0,1,1,0
275,55,29,39,1,0.20,1,0,0,0,0,1,0
276,65,39,23,3,0.70,2,0,0,0,0,1,0
277,50,26,135,2,4.60,3,91,0,0,1,0,1
278,55,31,12,2,0.20,1,76,0,0,1,1,0
279,62,36,92,2,0.70,2,0,0,0,1,0,0
280,53,28,192,2,6.40,3,0,0,0,0,0,1
281,32,7,42,4,0.80,1,0,0,0,1,1,0
282,56,32,158,3,3.70,3,0,0,0,1,0,1
283,54,30,194,3,6.00,3,587,1,1,1,1,1
284,44,20,160,2,7.60,1,0,1,0,0,0,0
285,48,22,98,2,6.30,1,0,0,0,0,0,0
286,46,22,164,2,7.60,1,0,0,1,1,1,0
287,45,21,42,2,2.50,1,0,1,0,1,0,0
288,45,15,202,3,10.00,3,0,0,0,0,0,1
289,58,34,10,4,0.70,1,0,0,0,0,0,0
290,29,3,31,4,0.30,2,0,0,0,1,0,0
291,55,30,58,4,0.90,1,0,0,0,1,1,0
292,55,29,65,4,2.80,2,0,0,0,1,0,0
293,41,16,98,1,4.00,3,0,0,0,0,1,0
294,24,0,150,2,2.00,1,0,0,0,1,0,0
295,54,29,44,2,2.30,3,0,0,0,1,0,0
296,57,32,15,2,0.20,3,0,0,0,0,1,0
297,30,6,82,2,2.50,1,0,0,0,0,0,0
298,42,17,61,3,0.50,3,0,0,0,1,0,0
299,29,2,38,1,2.00,2,0,0,0,0,0,0
300,29,3,39,4,2.10,3,0,0,0,1,0,0
301,31,7,173,1,6.00,1,0,0,0,1,0,0
302,47,23,8,4,0.20,1,0,0,0,1,0,0
303,36,12,51,3,2.00,1,214,0,0,1,0,0
304,52,27,62,4,1.80,3,82,0,0,0,0,0
305,54,28,34,4,0.70,2,0,0,0,1,0,0
306,55,29,132,3,5.90,2,307,0,0,0,0,1
307,53,27,44,4,1.50,3,0,0,0,0,0,0
308,52,27,162,1,8.10,1,0,0,0,1,0,0
309,64,39,64,3,2.20,1,0,0,0,1,0,0
310,54,29,111,1,0.10,3,0,0,0,0,1,0
311,32,6,41,2,2.00,3,0,0,0,0,0,0
312,63,33,52,4,1.67,3,0,0,0,0,0,0
313,36,10,65,4,2.20,2,0,0,0,0,0,0
314,50,25,130,1,1.10,2,0,0,0,1,0,1
315,33,8,45,2,0.10,1,0,0,0,0,1,0
316,62,38,35,1,1.90,2,118,0,0,0,0,0
317,49,23,65,3,0.70,2,263,0,0,1,1,0
318,41,15,38,2,0.70,1,91,0,0,1,0,0
319,51,27,42,4,1.10,2,0,0,0,1,1,0
320,56,30,45,4,1.50,3,0,0,0,0,0,0
321,51,25,145,1,0.30,1,0,0,0,1,0,0
322,39,13,33,4,1.50,3,0,0,0,0,0,0
323,61,35,60,3,1.40,3,0,0,0,0,0,0
324,35,9,45,1,2.00,1,0,0,0,1,1,0
325,39,15,72,4,2.40,1,0,1,0,1,0,0
326,37,11,34,3,0.20,2,0,0,0,0,0,0
327,48,21,23,3,0.67,2,0,0,0,1,0,0
328,63,37,45,2,1.00,3,88,0,0,1,1,0
329,35,9,28,4,1.00,1,75,0,0,1,0,0
330,55,30,81,4,3.80,2,0,0,0,1,0,0
331,29,5,72,3,0.70,2,81,0,0,0,0,0
332,61,31,49,4,1.67,3,0,0,0,1,0,0
333,36,10,31,4,1.20,2,0,0,0,0,0,0
334,61,35,63,3,2.20,3,0,0,0,0,0,0
335,36,12,150,4,5.40,1,0,1,1,1,0,1
336,58,33,142,2,3.90,1,193,0,0,1,1,0
337,42,17,74,3,3.00,1,0,0,0,0,1,0
338,30,4,24,1,0.40,2,81,0,0,1,0,0
339,45,20,29,4,1.90,3,0,0,0,0,0,0
340,39,15,79,4,2.40,1,0,0,0,0,0,0
341,27,3,94,2,0.20,1,310,0,0,0,1,0
342,57,33,121,1,4.30,1,0,1,0,0,0,0
343,34,10,54,3,2.00,1,0,0,0,0,0,0
344,64,39,73,3,2.40,1,0,0,0,1,0,0
345,47,23,71,1,0.80,3,127,0,0,1,0,0
346,44,17,29,3,1.00,2,0,0,0,1,1,0
347,51,27,93,1,2.70,1,0,0,0,1,0,0
348,40,14,73,1,1.50,3,252,0,0,1,0,0
349,57,32,19,4,0.90,2,0,0,0,1,0,0
350,33,8,58,2,0.10,1,0,1,1,1,1,0
351,46,20,39,1,0.20,1,0,0,0,0,0,0
352,41,16,23,2,1.40,2,0,1,0,1,0,0
353,33,7,29,1,0.60,3,127,0,0,0,1,0
354,27,2,155,1,0.80,1,0,0,0,0,0,0
355,52,28,90,1,2.60,2,0,1,0,1,0,0
356,59,33,113,2,2.00,1,77,0,0,1,0,0
357,62,38,42,1,1.80,3,0,0,0,0,0,0
358,49,25,30,4,0.20,1,0,0,1,1,1,0
359,45,19,19,3,0.50,2,0,0,0,1,0,0
360,63,37,124,3,5.00,2,170,0,0,0,0,1
361,57,31,30,2,0.70,2,145,0,0,0,0,0
362,60,30,28,1,1.50,3,124,1,0,1,0,0
363,50,23,15,2,1.00,2,101,0,0,0,0,0
364,54,30,70,1,1.60,3,265,0,0,0,0,0
365,28,2,10,1,0.10,2,0,0,0,1,0,0
366,60,34,22,3,0.30,3,139,0,0,1,1,0
367,44,20,70,4,1.90,1,0,0,0,1,0,0
368,61,35,61,1,1.60,1,0,0,0,0,0,0
369,40,15,161,2,3.30,1,0,1,0,0,1,0
370,54,30,29,2,0.80,1,0,0,0,0,1,0
371,43,19,35,3,0.50,1,0,0,0,1,0,0
372,54,28,48,4,2.80,2,0,0,0,1,0,0
373,32,7,44,4,0.80,1,0,0,0,1,0,0
374,24,0,88,3,0.80,1,134,0,0,0,0,0
375,30,4,40,4,2.10,3,0,0,0,1,1,0
376,61,36,21,4,0.40,2,123,0,0,0,0,0
377,40,14,58,2,2.80,1,0,0,0,1,0,0
378,35,11,59,4,0.10,2,0,0,0,0,0,0
379,33,3,74,4,4.00,3,0,0,0,0,0,0
380,63,37,84,4,1.90,2,0,0,0,1,0,0
381,57,31,58,1,0.20,1,177,0,0,1,0,0
382,44,19,154,2,8.80,1,0,0,0,1,0,0
383,51,25,185,1,1.70,1,0,0,0,0,0,0
384,51,26,78,1,1.20,1,305,0,0,1,0,0
385,38,13,55,2,1.10,2,0,0,0,1,0,0
386,31,5,30,4,0.30,2,0,0,0,1,0,0
387,54,29,74,3,2.00,2,0,0,0,0,0,0
388,41,16,118,2,3.30,1,0,0,0,1,0,0
389,57,33,182,2,3.30,3,372,0,0,0,0,1
390,24,0,82,2,1.60,3,0,0,0,1,1,0
391,55,29,29,4,1.50,3,79,0,0,1,0,0
392,32,6,120,4,5.40,1,301,0,1,1,1,1
393,38,12,53,2,2.40,2,0,0,0,1,0,0
394,58,32,43,3,1.40,1,0,0,0,0,1,0
395,29,4,59,4,2.20,1,232,0,0,1,1,0
396,43,17,84,4,2.60,3,289,1,1,1,1,0
397,50,24,161,3,3.40,1,212,0,0,1,0,1
398,62,37,21,4,0.40,2,137,0,0,1,1,0
399,57,32,63,4,0.70,1,0,0,0,1,0,0
400,30,3,172,3,3.40,2,0,0,0,0,1,1
401,30,4,51,4,0.20,1,172,0,0,0,1,0
402,57,33,24,4,0.70,1,0,0,0,1,0,0
403,57,33,95,2,1.60,1,0,0,0,0,0,0
404,43,18,59,1,2.40,1,250,0,0,1,0,0
405,28,2,51,4,1.80,2,0,1,0,0,0,0
406,46,22,28,1,1.00,1,84,0,0,1,1,0
407,29,3,154,2,2.00,1,130,0,0,0,0,0
408,64,40,15,2,0.30,3,115,0,0,1,1,0
409,66,36,55,4,1.67,3,0,0,0,0,1,0
410,23,0,149,1,6.33,1,305,0,0,0,1,0
411,60,36,79,1,1.80,3,0,0,0,0,1,0
412,47,21,68,4,2.60,3,0,0,0,0,0,0
413,35,10,78,1,2.60,2,0,0,0,1,0,0
414,57,32,34,2,2.00,2,0,1,0,0,0,0
415,65,41,195,3,0.40,1,0,1,1,0,1,1
416,53,28,184,1,8.10,1,303,0,0,1,0,0
417,44,20,85,2,3.20,1,0,0,0,1,0,0
418,45,20,200,2,8.80,1,0,0,0,1,1,0
419,41,16,64,3,0.50,3,0,0,0,0,0,0
420,51,27,88,1,2.60,2,0,1,0,0,1,0
421,27,1,42,3,2.40,2,0,0,0,0,0,0
422,31,5,91,3,1.60,1,126,0,0,1,1,0
423,32,6,38,1,0.30,1,0,1,1,1,0,0
424,55,30,28,1,1.50,2,0,0,0,0,0,0
425,55,30,32,4,0.10,3,0,1,0,0,0,0
426,42,18,31,1,0.30,3,0,0,0,0,1,0
427,33,9,22,4,0.40,2,103,0,0,1,0,0
428,65,40,95,3,3.70,2,138,0,0,0,1,1
429,35,10,74,4,1.30,1,0,0,0,1,0,0
430,55,30,22,1,1.50,2,91,0,0,0,1,0
431,28,4,43,3,0.10,2,0,0,0,1,0,0
432,27,3,43,1,1.00,3,0,0,0,1,0,0
433,51,27,112,3,1.80,2,0,1,1,1,1,0
434,50,23,9,2,1.00,2,0,0,0,1,0,0
435,58,33,81,2,0.00,3,0,0,0,1,0,0
436,46,20,131,1,5.70,1,256,0,0,0,1,0
437,62,32,19,1,1.50,3,0,1,0,0,0,0
438,38,13,62,3,0.70,2,0,1,0,1,0,0
439,62,37,19,4,0.40,2,124,1,0,0,0,0
440,56,32,8,2,0.30,1,0,0,0,1,1,0
441,61,36,193,1,4.70,3,203,0,0,1,0,1
442,38,13,129,4,4.40,1,140,0,0,0,0,1
443,55,29,30,4,0.70,2,0,0,0,0,1,0
444,30,4,80,4,1.80,2,0,0,0,0,0,0
445,41,15,22,4,1.50,3,0,0,0,0,1,0
446,57,32,33,1,1.50,2,0,0,0,1,0,0
447,36,11,64,4,2.10,3,0,0,0,0,0,0
448,55,29,60,3,2.20,3,84,0,0,1,0,0
449,30,4,81,1,2.90,3,259,0,0,1,1,0
450,40,16,45,3,0.60,2,204,0,0,1,0,0
451,32,6,112,4,1.80,2,0,0,0,1,0,0
452,59,34,83,2,3.40,3,0,0,0,1,0,1
453,44,20,180,2,7.60,1,524,0,0,0,1,0
454,51,26,28,4,0.20,2,0,1,0,1,0,0
455,37,12,169,2,5.20,3,249,0,0,1,0,1
456,59,35,14,4,0.70,1,0,0,0,1,0,0
457,37,11,43,1,2.00,1,0,0,0,1,0,0
458,56,32,88,2,0.30,1,0,0,0,1,0,0
459,55,29,78,4,2.60,3,0,0,0,0,1,0
460,49,24,68,1,0.20,2,163,0,0,0,0,0
461,46,22,144,2,3.30,1,0,0,0,1,1,0
462,35,9,30,4,1.00,1,163,0,0,1,0,0
463,47,21,120,1,0.00,1,135,0,0,0,0,0
464,39,14,24,2,0.30,2,0,0,0,0,0,0
465,27,1,78,4,2.30,3,157,1,0,1,0,0
466,62,36,135,2,5.20,2,0,0,0,1,0,1
467,57,32,44,2,1.60,3,0,0,0,0,0,0
468,55,30,73,4,3.80,2,0,0,0,1,0,0
469,55,31,90,1,2.70,2,0,0,0,1,1,0
470,41,15,58,3,0.50,3,0,0,0,1,0,0
471,57,32,75,2,3.70,1,236,0,0,1,0,0
472,43,19,174,3,1.70,3,231,0,1,1,1,1
473,40,16,50,2,1.70,1,174,0,0,0,0,0
474,43,18,85,1,4.00,3,287,0,0,1,0,0
475,63,38,54,3,2.20,1,0,0,0,1,0,0
476,63,38,83,2,3.40,1,0,0,0,0,0,1
477,54,30,24,4,0.20,1,0,1,0,0,0,0
478,54,30,45,4,1.10,2,205,0,0,1,0,0
479,52,26,68,1,0.80,3,0,0,0,1,1,0
480,50,26,48,4,0.10,3,0,0,0,0,1,0
481,38,13,114,1,1.00,3,0,0,0,1,1,0
482,36,12,142,3,2.30,2,0,0,1,1,1,1
483,58,33,52,3,0.50,2,0,0,0,0,1,0
484,46,22,142,2,3.30,1,0,0,0,0,0,0
485,50,25,15,1,0.40,3,0,0,0,0,0,0
486,46,22,118,1,4.70,1,159,0,0,0,1,0
487,53,27,101,4,4.90,1,0,0,0,1,0,0
488,62,36,84,2,2.80,1,0,0,0,1,0,0
489,63,39,32,1,1.90,2,100,0,0,0,0,0
490,42,16,64,3,0.50,3,247,0,0,0,0,0
491,34,10,81,4,3.40,1,0,0,0,1,0,0
492,40,14,28,4,1.50,3,0,0,0,0,1,0
493,34,9,93,1,0.00,1,0,0,0,1,0,0
494,41,15,185,1,3.60,2,0,0,0,0,0,1
495,32,8,42,1,1.80,2,0,0,0,0,0,0
496,28,3,45,2,1.60,3,0,0,0,1,1,0
497,33,6,49,2,1.67,2,214,0,0,0,0,0
498,46,20,69,3,2.10,1,0,0,0,0,0,0
499,52,27,94,1,2.80,2,333,0,0,1,0,0
500,60,35,18,1,1.50,2,0,0,0,1,1,0
501,59,35,8,4,0.70,1,91,1,0,0,0,0
502,57,32,55,4,2.10,1,108,0,0,1,0,0
503,46,20,85,2,0.40,3,0,0,0,0,0,0
504,25,1,62,4,0.00,1,229,0,0,1,0,0
505,53,23,65,4,2.00,3,0,0,0,1,0,0
506,38,12,138,2,0.00,1,0,1,0,1,0,0
507,63,38,103,1,2.50,1,0,0,0,1,0,0
508,44,19,99,3,3.50,3,357,0,0,0,0,1
509,50,24,152,1,7.30,1,0,0,0,1,0,0
510,28,3,25,2,0.90,3,140,0,0,1,0,0
511,27,3,98,2,2.50,1,361,1,1,1,1,0
512,52,27,39,2,0.70,2,166,0,0,1,0,0
513,50,25,40,1,1.30,2,0,0,0,1,1,0
514,39,13,58,3,2.10,1,169,0,0,1,0,0
515,50,26,192,2,1.80,3,301,0,1,1,1,1
516,60,34,62,1,0.80,2,0,0,0,0,0,0
517,30,5,69,1,0.80,2,0,1,0,1,0,0
518,31,5,40,4,1.30,3,170,0,0,0,0,0
519,39,15,61,2,0.60,3,127,0,0,0,0,0
520,29,3,30,4,0.30,2,157,0,0,0,0,0
521,54,29,29,1,1.50,2,97,0,0,1,0,0
522,35,8,41,2,1.00,2,0,0,0,1,1,0
523,27,3,118,1,3.30,2,0,0,0,1,0,1
524,45,20,109,1,7.00,1,366,0,0,1,0,0
525,58,33,122,4,0.20,2,0,0,1,1,0,1
526,62,37,50,3,1.50,1,169,0,0,1,0,0
527,28,4,43,3,0.10,2,0,0,0,1,0,0
528,32,7,108,1,4.60,1,0,1,0,0,0,0
529,29,4,110,4,2.50,3,0,0,0,0,0,1
530,41,17,20,1,1.40,3,0,0,0,1,0,0
531,61,35,112,4,1.70,3,0,0,0,0,1,0
532,56,32,25,1,0.10,2,136,0,0,1,0,0
533,37,12,42,3,0.70,2,0,0,0,1,1,0
534,60,34,29,2,0.30,1,0,0,0,1,0,0
535,49,23,84,3,2.10,1,134,1,0,1,0,0
536,43,17,81,4,2.60,3,0,1,0,1,0,0
537,53,28,55,4,0.90,1,119,0,0,1,1,0
538,35,11,40,1,2.40,2,0,1,0,1,0,0
539,56,30,145,4,5.70,2,0,0,1,1,1,1
540,41,16,175,2,1.10,3,0,0,0,1,0,1
541,36,6,78,4,1.80,3,163,0,0,0,0,0
542,56,32,51,4,1.50,1,0,0,0,0,0,0
543,64,34,50,4,1.67,3,0,0,0,1,0,0
544,51,27,21,3,0.40,1,0,0,0,1,0,0
545,49,24,79,1,0.20,2,83,0,0,1,1,0
546,43,18,84,1,4.00,3,0,0,0,0,0,0
547,51,26,34,4,0.40,2,0,0,0,0,0,0
548,55,31,73,4,1.60,2,0,0,0,0,0,0
549,62,37,90,3,0.50,1,0,0,0,1,0,0
550,35,10,23,4,0.20,3,0,0,0,1,0,0
551,53,27,145,2,6.10,3,294,0,1,1,1,1
552,33,7,54,4,0.20,1,141,1,0,0,0,0
553,43,17,49,3,2.20,2,103,0,0,1,1,0
554,58,32,51,1,2.80,2,0,0,0,1,0,0
555,63,38,8,4,0.60,2,0,0,0,1,0,0
556,31,6,62,1,1.00,1,0,1,0,1,0,0
557,36,6,25,1,0.67,3,0,0,0,1,0,0
558,30,0,63,2,1.75,3,0,0,0,1,0,0
559,59,34,24,2,0.20,3,86,0,0,1,0,0
560,28,2,11,1,0.10,2,0,0,0,1,1,0
561,59,34,23,1,0.10,1,0,0,0,0,1,0
562,47,22,33,1,1.40,3,0,0,0,1,0,0
563,47,21,83,1,3.80,1,97,0,0,0,0,1
564,56,30,39,3,1.40,1,131,0,0,0,1,0
565,41,17,138,3,6.90,2,0,0,0,1,0,1
566,25,1,113,3,2.50,1,0,0,0,0,1,0
567,30,5,125,4,0.50,3,0,0,1,1,0,1
568,50,24,195,1,1.70,1,0,0,0,0,0,0
569,34,9,105,3,1.20,3,0,1,0,0,0,0
570,44,18,75,2,3.50,1,0,0,0,1,0,1
571,36,9,40,2,1.00,2,0,0,0,1,0,0
572,39,14,61,3,0.50,3,137,0,0,1,0,0
573,54,24,75,2,4.50,3,0,0,0,0,0,0
574,33,8,122,1,0.00,1,0,0,0,1,1,0
575,39,14,75,3,3.00,1,0,0,0,0,1,0
576,41,15,59,4,0.20,3,0,0,0,0,0,0
577,40,13,24,3,1.00,2,0,0,0,1,0,0
578,29,3,175,3,3.30,3,329,0,0,1,0,1
579,51,27,39,2,0.80,1,182,0,0,0,1,0
580,54,30,145,2,6.80,1,0,1,0,0,0,0
581,47,22,24,4,0.40,2,142,0,0,1,0,0
582,53,28,20,3,0.10,2,0,0,0,0,0,0
583,30,5,85,1,2.60,2,0,0,0,1,0,0
584,28,3,65,3,2.60,3,0,1,0,0,0,0
585,60,35,191,4,5.60,3,0,0,0,0,0,1
586,51,26,11,2,0.00,1,0,1,0,0,0,0
587,63,37,40,2,1.00,3,167,0,0,0,0,0
588,38,13,54,3,0.70,2,196,0,0,0,0,0
589,59,35,95,1,3.80,1,0,0,0,1,1,0
590,53,29,94,4,1.00,2,0,0,0,1,0,0
591,31,5,79,4,2.20,2,0,0,0,0,0,0
592,41,17,48,3,0.30,3,0,0,0,1,1,0
593,25,1,70,4,2.60,1,0,1,0,1,0,0
594,27,3,40,3,0.10,2,111,0,0,1,0,0
595,50,24,44,4,1.80,1,0,0,0,1,1,0
596,50,25,43,1,1.40,3,137,0,0,1,0,0
597,43,18,29,1,0.30,3,0,0,0,1,0,0
598,50,24,188,3,1.30,1,184,0,0,0,1,1
599,46,20,114,1,0.00,1,0,0,0,1,1,0
600,30,6,52,3,0.70,2,0,0,0,1,0,0
601,42,16,13,1,0.20,1,0,0,0,1,0,0
602,42,17,95,3,0.50,3,0,0,0,0,0,0
603,29,3,84,1,2.90,3,0,0,0,1,0,0
604,38,14,49,1,1.80,1,0,0,0,0,0,0
605,51,25,181,1,1.70,1,0,0,0,1,1,0
606,35,10,182,1,0.30,2,229,0,1,1,1,1
607,37,13,70,2,2.70,1,0,0,0,0,0,0
608,47,21,79,3,1.10,1,185,0,0,1,1,0
609,55,29,61,4,2.80,2,0,0,0,1,1,0
610,65,41,121,2,2.10,1,0,0,0,1,0,0
611,58,33,34,3,0.20,1,83,0,0,1,0,0
612,54,28,183,1,1.00,1,442,0,0,0,0,0
613,52,28,51,1,1.60,3,0,1,0,0,1,0
614,28,2,70,3,0.30,3,0,0,0,0,1,0
615,32,8,39,1,1.70,1,0,0,0,1,1,0
616,51,24,84,3,2.00,2,0,0,0,0,0,0
617,43,18,122,1,7.00,1,0,0,0,1,1,0
618,42,18,145,1,1.70,1,132,0,0,1,1,0
619,42,17,98,2,0.40,1,0,0,0,1,1,0
620,41,16,79,1,1.00,3,233,0,0,1,0,0
621,34,8,38,2,2.00,3,0,0,0,1,1,0
622,30,6,49,3,0.70,2,196,0,0,0,1,0
623,32,7,38,1,1.00,1,0,0,0,1,0,0
624,46,20,91,4,2.60,3,0,0,0,0,0,0
625,38,12,29,4,0.20,1,0,0,0,0,1,0
626,37,13,172,2,6.50,1,0,0,0,0,0,0
627,32,8,104,2,3.70,1,0,0,0,0,1,1
628,35,9,58,1,2.50,1,0,0,0,1,1,0
629,30,5,171,2,1.90,2,0,0,0,0,0,1
630,30,4,73,3,3.30,1,0,0,1,1,1,1
631,58,32,191,1,2.90,1,0,0,0,0,0,0
632,57,27,90,2,4.50,3,0,0,0,1,0,0
633,34,9,55,3,2.30,1,0,1,1,1,1,0
634,31,4,28,1,2.00,2,0,0,0,0,0,0
635,39,14,42,1,2.50,3,0,0,0,1,0,0
636,57,33,9,1,0.10,2,91,1,0,1,0,0
637,47,21,65,1,1.50,2,0,1,0,1,0,0
638,51,26,134,4,4.50,3,0,1,1,1,0,1
639,30,6,83,4,3.40,1,0,1,0,1,0,0
640,55,28,38,3,1.00,2,0,0,0,1,0,0
641,32,6,13,4,0.30,1,0,0,0,1,1,0
642,32,7,143,3,2.90,3,0,0,0,1,0,1
643,44,20,75,4,1.90,1,0,0,0,0,0,0
644,33,7,120,1,3.20,3,0,0,0,1,0,1
645,49,24,91,1,2.80,2,0,0,0,0,0,0
646,32,6,99,2,1.50,3,0,0,0,0,1,0
647,31,7,71,1,0.10,1,78,1,0,0,0,0
648,37,13,111,1,0.80,2,0,0,0,0,0,0
649,41,15,108,1,5.20,1,0,0,0,0,0,0
650,56,32,158,1,7.40,1,0,0,0,0,0,0
651,55,31,81,3,2.67,1,0,0,0,1,0,0
652,49,23,12,2,0.10,3,0,1,1,1,0,0
653,63,37,21,2,0.40,1,0,0,0,1,0,0
654,55,30,55,4,0.90,1,215,0,0,1,1,0
655,59,35,42,1,1.80,3,0,0,0,1,0,0
656,41,16,81,2,0.40,1,0,0,0,0,1,0
657,49,25,13,4,0.20,1,87,0,0,0,0,0
658,48,23,132,1,0.60,1,157,0,0,0,0,0
659,41,16,99,1,1.00,3,0,0,0,1,0,0
660,50,26,23,4,0.20,1,0,0,0,0,1,0
661,28,1,40,1,2.00,2,0,1,0,1,0,0
662,36,11,181,3,1.40,1,0,0,0,0,0,1
663,38,14,112,2,2.20,1,394,0,0,0,0,0
664,34,9,138,2,7.80,1,227,0,0,1,0,0
665,41,17,94,3,3.80,2,327,1,1,1,0,1
666,43,19,113,1,1.70,1,0,0,0,0,0,0
667,30,5,112,4,5.00,2,0,0,0,0,1,1
668,37,12,190,2,3.00,1,475,0,0,1,0,0
669,62,37,38,1,1.10,3,0,0,0,1,0,0
670,40,16,32,1,1.40,3,158,0,0,1,0,0
671,35,10,104,3,0.60,2,0,0,0,0,1,0
672,64,40,43,1,1.90,2,0,0,0,1,0,0
673,49,24,45,3,1.70,2,0,1,0,1,0,0
674,24,0,35,2,1.70,2,0,0,0,0,0,0
675,36,10,42,4,1.20,2,0,0,0,1,1,0
676,29,4,58,1,0.80,2,0,0,0,1,1,0
677,29,3,103,4,3.40,1,0,0,0,1,0,1
678,28,3,71,1,3.30,2,149,1,1,1,0,1
679,33,7,14,1,0.40,2,98,0,0,1,0,0
680,36,11,98,3,1.20,3,0,1,0,0,1,0
681,42,17,90,1,0.10,2,0,0,0,0,1,0
682,25,0,65,4,0.20,1,0,1,0,0,0,0
683,28,2,19,4,0.40,1,0,0,0,1,1,0
684,50,25,35,3,1.70,2,0,0,0,1,1,0
685,34,9,71,4,1.30,1,0,0,0,1,0,0
686,43,19,31,3,0.50,1,0,0,0,0,0,0
687,62,38,43,4,1.20,2,0,0,0,1,0,0
688,61,36,24,1,1.50,2,87,1,0,0,0,0
689,45,19,58,2,0.40,3,0,1,0,0,1,0
690,42,17,115,2,0.40,1,0,0,0,1,0,0
691,39,15,168,2,8.00,1,152,1,0,0,0,0
692,29,5,128,1,1.50,1,0,0,0,1,1,0
693,45,20,138,1,7.00,1,0,0,0,0,1,0
694,58,32,81,3,1.70,2,0,0,0,1,1,0
695,29,3,41,4,1.30,3,0,0,0,1,0,0
696,32,7,123,2,2.90,2,0,0,0,1,0,1
697,37,13,71,2,2.70,1,94,0,0,1,0,0
698,48,23,8,1,0.40,3,0,0,0,0,1,0
699,40,14,42,2,0.70,1,101,0,0,1,0,0
700,29,4,62,2,2.50,1,184,0,0,1,0,0
701,36,12,22,4,1.00,1,91,1,0,1,0,0
702,35,8,38,4,1.00,2,0,0,0,1,0,0
703,35,11,24,4,0.40,2,0,0,0,0,0,0
704,62,37,50,3,2.40,1,0,0,0,1,0,0
705,26,1,190,4,1.30,2,197,0,0,1,0,1
706,32,7,94,2,3.10,1,0,0,0,1,0,0
707,63,37,165,4,5.10,3,0,0,0,0,0,1
708,38,12,43,4,1.20,2,0,0,0,0,1,0
709,50,26,48,1,1.60,2,0,0,0,0,1,0
710,46,21,52,3,2.70,2,228,0,0,0,1,0
711,50,24,84,4,4.90,1,0,0,0,1,0,0
712,61,36,131,1,0.90,1,0,0,0,1,0,0
713,34,8,44,4,0.20,1,0,0,0,0,0,0
714,27,2,78,4,0.20,1,87,0,0,0,0,0
715,61,36,15,4,0.40,2,0,0,0,0,0,0
716,45,20,38,4,1.90,3,144,0,0,1,1,0
717,50,25,84,1,1.30,3,0,1,0,1,0,0
718,44,20,122,1,0.30,1,0,0,0,1,0,0
719,62,36,98,2,2.80,1,0,0,0,0,0,0
720,45,18,80,3,2.67,2,0,0,0,0,0,0
721,41,17,165,2,8.00,1,0,0,0,1,0,0
722,30,5,121,2,3.30,1,0,0,0,0,1,0
723,61,37,20,3,0.40,2,94,0,0,0,0,0
724,45,19,11,1,0.20,1,91,0,0,0,0,0
725,59,35,45,1,1.80,3,0,0,0,1,0,0
726,30,6,118,2,2.80,2,0,0,0,0,0,1
727,60,36,14,2,0.30,1,109,0,0,1,1,0
728,39,13,30,3,0.20,2,0,0,0,0,0,0
729,56,30,45,1,0.20,1,98,0,0,0,0,0
730,56,32,80,3,2.67,1,0,0,0,1,0,0
731,27,1,25,4,0.30,2,0,0,0,1,1,0
732,66,41,144,1,2.50,1,0,1,1,1,1,0
733,43,19,84,4,0.20,3,297,0,0,1,0,0
734,53,29,22,2,0.40,1,0,0,0,1,0,0
735,44,18,33,3,1.50,1,0,0,0,1,1,0
736,54,28,60,4,2.60,3,0,0,0,0,0,0
737,31,6,81,4,2.20,2,116,0,0,1,0,0
738,38,13,169,1,6.80,3,0,0,1,1,1,1
739,28,2,63,2,1.60,3,0,0,0,1,0,0
740,51,26,12,2,0.70,3,109,0,0,1,1,0
741,52,27,15,4,0.80,1,101,0,0,0,0,0
742,64,38,39,1,0.50,3,0,1,1,1,1,0
743,29,4,44,4,2.00,2,0,0,0,1,0,0
744,34,10,110,1,4.00,1,0,0,0,1,0,0
745,33,8,130,3,6.30,2,99,0,0,0,1,1
746,46,21,41,1,1.40,3,128,0,0,1,0,0
747,48,22,59,1,1.40,3,241,0,0,1,0,0
748,52,28,39,2,0.80,1,0,0,0,1,0,0
749,44,19,35,4,0.00,2,0,0,0,1,0,0
750,51,27,80,1,2.60,2,0,0,0,1,1,0
751,47,20,81,1,2.67,2,0,0,0,1,0,0
752,39,13,31,2,0.80,3,0,0,0,0,0,0
753,42,17,93,4,1.90,3,0,0,0,0,0,0
754,57,33,45,4,1.50,1,204,0,0,1,0,0
755,36,12,40,2,0.60,3,0,0,0,1,1,0
756,27,1,80,2,1.60,3,185,0,0,1,1,0
757,31,7,20,1,0.40,3,0,0,0,1,0,0
758,63,37,41,1,0.50,3,0,0,0,0,1,0
759,34,8,31,1,0.30,1,104,0,0,1,1,0
760,52,27,35,4,0.20,2,0,0,0,1,0,0
761,57,31,40,3,1.40,3,137,0,0,1,1,0
762,63,39,84,1,1.80,3,0,0,0,0,0,0
763,26,1,53,2,1.60,3,0,0,0,1,0,0
764,35,5,85,4,4.00,3,0,0,0,1,0,0
765,58,33,138,2,3.90,1,0,0,0,1,0,0
766,32,2,71,2,1.75,3,108,0,0,0,0,0
767,64,39,113,1,0.80,3,0,0,0,0,1,0
768,50,23,23,2,1.00,2,0,1,0,0,0,0
769,34,9,62,3,2.30,1,0,0,0,0,0,0
770,36,11,14,4,0.20,3,100,0,0,1,1,0
771,43,18,60,2,2.20,3,0,0,0,0,1,0
772,28,4,94,3,0.80,1,236,0,0,1,0,0
773,64,39,83,3,1.80,2,0,0,0,1,0,0
774,60,35,130,3,6.30,3,437,0,1,1,1,1
775,62,37,61,4,1.70,1,0,0,0,0,0,0
776,27,2,92,2,3.10,1,178,0,0,1,0,0
777,42,16,20,2,0.80,3,117,0,0,1,1,0
778,45,20,194,2,8.80,1,428,0,0,0,0,0
779,36,10,74,1,2.50,1,0,0,0,0,1,0
780,48,22,84,2,0.40,3,145,0,0,0,0,0
781,65,40,98,3,1.80,2,333,0,0,0,0,0
782,39,15,52,3,2.33,1,0,0,0,1,0,0
783,51,26,55,1,1.30,2,236,0,0,0,1,0
784,30,6,64,4,3.40,1,117,0,0,0,0,0
785,65,40,128,1,2.50,1,162,0,0,1,0,0
786,38,13,113,4,1.70,2,0,0,0,0,1,1
787,29,3,50,3,1.10,2,0,0,0,0,1,0
788,42,18,54,4,2.20,2,0,0,0,0,0,0
789,63,38,129,1,0.90,1,366,0,0,1,0,0
790,46,21,82,4,0.40,1,0,0,0,0,0,0
791,62,38,100,4,1.70,2,0,0,0,1,0,0
792,58,34,44,4,2.20,1,0,1,0,0,0,0
793,56,30,164,4,0.50,2,234,0,1,1,1,1
794,56,31,81,2,3.70,1,121,0,0,1,1,0
795,34,10,71,1,0.10,1,257,0,0,1,1,0
796,42,17,28,1,0.50,3,90,0,0,0,0,0
797,30,6,80,3,1.50,1,219,0,0,1,0,0
798,61,35,90,4,1.90,2,0,0,0,1,0,0
799,38,14,74,1,3.60,2,0,0,0,1,1,0
800,50,25,14,2,0.70,3,0,1,0,1,0,0
801,61,36,23,2,0.50,2,103,0,0,1,0,0
802,41,17,153,1,1.70,1,337,0,0,0,1,0
803,42,16,38,3,0.90,3,0,0,0,0,0,0
804,29,5,112,2,2.00,2,382,1,0,0,0,0
805,51,26,145,1,8.10,1,397,0,0,0,1,0
806,32,6,28,2,0.30,2,88,0,0,1,0,0
807,34,9,31,4,1.10,3,0,0,0,1,1,0
808,26,2,195,1,6.33,1,0,0,0,1,1,0
809,54,24,50,3,2.00,3,0,0,0,1,1,0
810,38,14,71,4,2.00,3,0,0,0,0,0,0
811,62,36,21,3,0.30,3,0,0,0,0,0,0
812,37,11,35,2,0.80,3,125,0,0,0,0,0
813,46,21,42,1,2.40,1,0,0,0,1,1,0
814,52,27,78,4,3.60,3,141,0,0,1,0,0
815,32,6,73,4,2.20,2,0,0,0,0,0,0
816,49,25,53,2,1.00,3,181,0,0,0,0,0
817,28,3,51,2,1.60,3,123,0,0,0,0,0
818,55,30,40,2,2.30,3,0,0,0,1,0,0
819,52,26,178,1,1.00,1,0,0,0,0,0,0
820,32,6,35,2,0.30,1,0,0,0,0,1,0
821,31,7,192,1,0.00,2,0,0,0,1,0,1
822,27,3,123,1,5.40,1,0,0,0,0,0,0
823,32,5,48,2,1.67,2,0,1,1,1,1,0
824,52,26,45,3,0.60,2,0,0,0,0,0,0
825,52,28,15,1,0.20,1,0,0,0,1,0,0
826,50,24,79,1,0.30,1,120,0,0,1,0,0
827,32,5,63,4,2.00,2,0,1,0,1,0,0
828,61,35,30,2,0.20,3,0,0,0,1,0,0
829,60,36,145,4,6.90,1,380,0,0,0,1,1
830,28,4,32,3,1.00,2,0,0,0,0,0,0
831,34,9,64,2,0.10,1,224,0,0,1,1,0
832,31,7,84,1,0.10,1,0,0,0,1,0,0
833,31,5,21,1,0.40,2,0,0,0,1,0,0
834,62,38,99,4,1.70,2,0,0,0,1,0,0
835,47,22,35,2,1.30,1,0,0,0,1,0,0
836,50,24,180,1,1.70,1,0,0,0,1,1,0
837,36,12,42,1,1.33,1,0,0,0,1,0,0
838,26,0,179,4,2.10,2,0,0,0,0,0,1
839,51,27,42,4,0.10,3,0,0,0,0,0,0
840,52,25,180,2,9.00,2,297,0,0,1,0,1
841,35,11,82,4,3.40,1,0,0,0,0,0,0
842,42,16,55,2,0.70,1,149,0,0,0,0,0
843,36,12,79,2,2.20,1,0,0,0,1,0,0
844,41,17,48,2,0.60,3,215,0,0,0,1,0
845,49,25,93,1,2.70,1,0,1,0,1,0,0
846,57,32,23,2,0.20,3,0,0,0,0,0,0
847,44,20,50,3,2.33,1,200,0,0,0,0,0
848,60,34,85,2,2.00,1,0,0,0,1,0,0
849,38,14,35,1,1.50,2,97,0,0,1,0,0
850,26,2,171,3,6.00,2,0,0,0,1,0,1
851,29,2,29,4,1.50,2,0,0,0,0,1,0
852,59,35,84,1,1.80,3,0,0,0,1,1,0
853,51,27,20,4,0.50,2,0,0,0,1,0,0
854,50,25,14,1,0.40,3,0,0,0,1,1,0
855,35,10,179,1,8.60,1,357,0,0,0,0,0
856,61,37,48,1,0.80,1,158,0,0,1,0,0
857,42,16,74,1,2.80,1,0,0,0,1,0,0
858,55,29,53,1,1.40,1,0,0,0,0,0,0
859,50,25,83,1,2.80,2,0,0,0,1,1,0
860,64,40,171,2,2.10,1,433,0,0,0,0,0
861,54,28,85,4,4.90,1,0,0,0,1,0,0
862,50,26,38,4,0.90,2,0,0,0,1,0,0
863,31,5,85,3,1.60,1,157,0,0,1,1,0
864,32,8,79,1,0.10,1,0,0,0,0,0,0
865,44,19,69,4,0.40,1,0,0,0,0,0,0
866,60,35,43,3,0.90,3,0,0,0,1,1,0
867,60,34,33,2,0.30,1,101,0,0,1,0,0
868,62,38,42,3,0.10,3,149,0,0,0,1,0
869,46,21,40,4,1.90,3,122,0,0,1,0,0
870,57,33,43,1,1.80,3,0,0,0,0,0,0
871,30,5,20,4,0.50,3,117,0,0,0,0,0
872,58,32,65,3,2.50,1,222,0,0,1,0,0
873,39,13,139,3,3.40,1,483,0,0,1,0,1
874,60,35,135,3,0.30,3,0,0,0,1,0,1
875,59,34,84,3,1.60,3,0,0,0,1,0,0
876,50,26,179,1,2.90,3,0,0,0,0,1,1
877,63,39,45,4,1.30,2,86,0,0,0,0,0
878,27,3,109,2,2.50,1,0,0,0,1,0,0
879,54,29,34,4,0.10,3,0,0,0,1,0,0
880,62,37,162,1,1.30,1,0,0,0,1,0,0
881,60,34,105,2,1.40,1,0,0,0,1,0,0
882,38,12,22,3,0.20,2,0,0,0,1,0,0
883,34,8,82,2,1.80,1,178,0,0,1,1,0
884,65,41,105,4,1.70,2,230,1,0,1,0,0
885,55,31,62,1,1.80,3,0,0,0,1,0,0
886,57,31,82,2,2.00,1,83,0,0,0,1,0
887,27,3,72,4,0.00,1,0,0,0,1,0,0
888,35,10,38,4,1.70,1,0,0,0,1,1,0
889,52,28,25,4,1.00,1,0,0,0,0,0,0
890,45,15,20,1,0.75,3,0,0,0,1,0,0
891,29,3,80,4,1.80,2,0,0,0,1,1,0
892,44,18,84,3,1.10,1,0,0,0,0,0,0
893,47,23,33,1,1.00,1,0,0,0,1,1,0
894,62,37,55,3,0.90,3,0,0,0,1,0,0
895,52,27,33,2,0.70,2,0,0,0,0,1,0
896,47,23,190,4,0.30,3,305,0,0,0,0,1
897,42,18,43,1,0.30,3,158,0,0,0,0,0
898,65,41,45,3,0.10,3,0,0,0,1,0,0
899,42,18,141,1,3.50,1,0,0,0,0,0,0
900,40,16,69,4,2.40,1,0,0,0,1,0,0
901,32,8,78,4,0.10,2,0,0,0,1,0,0
902,40,15,84,1,3.70,3,0,0,0,1,0,0
903,55,29,172,1,5.20,2,0,0,0,0,0,1
904,32,6,51,4,0.20,1,154,1,0,0,1,0
905,58,28,75,1,1.40,3,0,0,0,1,0,0
906,46,22,183,1,3.10,2,0,0,1,1,1,1
907,53,23,20,4,0.40,3,0,0,0,1,1,0
908,63,39,101,2,3.90,3,294,0,0,1,0,1
909,40,14,129,1,5.90,3,0,0,0,1,0,1
910,41,17,63,2,3.20,1,0,0,0,0,0,0
911,60,35,44,4,2.10,1,0,0,0,0,0,0
912,65,39,184,1,5.40,3,176,0,1,1,1,1
913,59,33,100,2,2.00,1,127,0,0,0,0,0
914,48,24,12,3,0.40,1,0,0,0,0,0,0
915,59,33,68,2,2.30,3,128,1,0,1,0,0
916,33,8,48,1,1.00,1,212,0,0,1,0,0
917,40,15,82,2,0.40,1,0,0,0,0,0,0
918,42,18,52,2,2.50,1,0,0,0,0,0,0
919,65,41,154,2,4.60,2,0,1,1,1,1,1
920,30,4,39,1,1.50,1,0,0,0,0,1,0
921,30,4,40,1,0.30,1,0,0,1,1,1,0
922,42,17,54,4,1.90,3,164,0,0,0,0,0
923,32,8,32,2,1.00,2,103,0,1,1,1,0
924,55,30,64,2,2.30,3,0,0,0,0,0,0
925,29,3,92,2,1.30,1,287,0,0,1,0,0
926,64,38,40,1,2.50,3,94,0,0,1,1,0
927,37,11,60,3,0.50,3,0,0,0,1,0,0
928,31,5,85,2,1.30,1,119,0,0,1,1,0
929,25,0,21,4,0.40,1,90,0,0,1,0,0
930,31,5,35,1,0.60,3,171,0,0,0,0,0
931,32,7,52,2,0.10,1,0,0,0,1,0,0
932,58,34,128,1,7.40,1,0,0,0,0,0,0
933,26,2,195,1,6.33,1,0,0,0,0,0,0
934,51,25,68,2,1.50,2,117,0,0,0,1,0
935,65,41,55,2,1.10,1,0,0,0,0,0,0
936,43,17,55,1,0.20,1,0,0,0,1,0,0
937,46,21,80,4,0.40,1,0,0,0,1,1,0
938,28,3,123,1,0.80,1,146,0,0,0,0,0
939,63,37,90,4,1.90,2,106,1,0,1,0,0
940,59,29,61,1,1.40,3,0,0,0,0,0,0
941,42,15,41,3,2.50,2,0,0,0,1,0,0
942,58,33,43,2,1.60,3,0,0,0,1,0,0
943,39,13,71,3,0.10,1,162,1,0,1,0,0
944,36,12,25,4,1.00,1,0,0,0,1,0,0
945,60,33,154,1,3.00,2,0,1,1,1,0,1
946,47,21,141,1,2.40,1,0,0,0,0,0,0
947,29,4,22,2,0.90,3,110,0,0,0,0,0
948,52,28,145,2,6.80,1,0,0,0,1,0,0
949,41,16,49,3,0.50,3,0,0,0,1,0,0
950,63,37,109,1,2.00,1,0,0,0,1,0,0
951,59,34,80,3,0.50,1,0,0,0,1,1,0
952,44,20,82,4,1.40,2,201,0,0,1,1,0
953,54,28,52,4,2.50,1,0,0,0,1,0,0
954,29,5,85,3,2.50,1,0,0,0,1,1,0
955,51,25,148,1,1.00,1,0,0,0,0,0,0
956,63,39,160,2,2.10,1,0,0,0,0,1,0
957,36,11,39,4,1.70,1,0,0,0,1,0,0
958,42,16,25,2,0.80,3,0,0,0,0,1,0
959,51,25,33,1,1.40,3,0,0,0,1,1,0
960,47,20,38,3,2.50,2,0,0,0,0,0,0
961,40,16,85,4,0.20,3,0,0,0,1,1,0
962,54,28,48,1,0.20,1,0,0,0,1,0,0
963,47,21,15,4,0.60,3,77,0,0,1,0,0
964,35,10,94,1,0.00,1,174,0,0,1,0,0
965,28,4,120,2,0.60,1,0,0,0,1,0,0
966,45,19,60,1,0.70,3,159,0,0,1,0,0
967,33,9,145,2,4.33,1,277,0,0,0,1,0
968,62,36,29,2,0.70,3,0,0,0,0,0,0
969,45,18,78,3,2.67,2,0,0,0,1,0,0
970,59,35,59,4,1.20,2,0,0,0,1,0,0
971,58,28,80,2,4.50,3,0,0,0,0,1,0
972,52,26,180,1,1.00,1,0,0,0,1,1,0
973,34,8,8,3,0.10,2,83,0,0,1,0,0
974,65,35,23,1,1.50,3,0,0,0,1,0,0
975,48,23,79,2,3.80,3,0,0,0,1,0,0
976,44,19,78,2,3.80,3,268,0,0,0,0,0
977,61,37,64,1,0.00,2,0,0,0,0,1,0
978,40,14,64,4,0.20,3,0,0,0,1,1,0
979,65,39,160,4,3.80,1,237,0,0,1,0,1
980,28,4,43,1,1.00,3,102,0,0,0,0,0
981,67,42,32,1,1.10,3,0,0,0,0,1,0
982,35,9,179,2,0.00,1,76,1,0,1,0,0
983,60,35,8,1,0.10,1,0,0,0,1,0,0
984,58,32,63,1,1.60,1,0,1,0,1,0,0
985,55,30,40,2,2.30,3,0,1,0,1,0,0
986,34,9,99,4,2.20,2,155,0,0,1,0,0
987,35,9,141,2,4.50,2,0,0,0,0,0,1
988,28,4,159,1,1.50,1,0,0,0,1,1,0
989,38,12,39,2,0.30,1,174,0,0,1,0,0
990,62,38,99,4,1.70,2,0,0,0,0,0,0
991,30,4,18,4,0.30,2,0,0,0,1,1,0
992,38,12,38,2,0.30,1,0,0,0,1,1,0
993,33,8,133,1,0.00,1,0,0,0,1,0,0
994,58,34,84,2,2.80,1,0,0,0,1,1,0
995,59,35,60,1,0.00,2,0,0,0,1,1,0
996,52,28,178,3,5.40,3,147,0,0,1,0,1
997,36,12,18,1,0.50,3,0,0,0,0,1,0
998,45,21,73,1,0.80,3,0,0,0,1,0,0
999,49,23,125,1,7.30,1,0,0,0,0,0,0
1000,52,26,91,1,4.30,2,0,0,1,1,1,1
1001,54,28,74,2,1.10,1,0,0,0,1,0,0
1002,30,4,35,2,0.30,2,0,1,0,0,1,0
1003,65,39,113,1,2.00,1,0,0,0,1,1,0
1004,34,8,52,4,2.20,2,0,0,0,0,0,0
1005,30,6,191,2,4.40,2,0,0,0,1,0,1
1006,51,25,18,1,0.30,3,93,0,0,0,1,0
1007,52,27,25,2,0.00,1,0,0,0,1,1,0
1008,43,18,50,4,1.90,3,0,0,0,0,0,0
1009,35,10,75,4,0.70,3,0,0,0,1,1,0
1010,56,26,92,2,4.50,3,0,1,0,0,1,0
1011,57,32,33,2,2.00,2,0,0,0,1,0,0
1012,58,32,65,3,2.20,3,0,0,0,0,0,0
1013,53,28,44,3,1.70,1,0,0,0,0,0,0
1014,45,21,183,2,1.40,1,354,0,0,0,0,0
1015,44,20,175,2,1.40,1,0,0,0,1,1,0
1016,54,28,28,4,1.50,3,0,0,0,1,1,0
1017,41,17,49,4,2.20,2,0,0,0,0,0,0
1018,52,26,45,4,1.80,1,0,0,0,1,0,0
1019,43,17,64,4,3.00,3,221,0,0,1,0,1
1020,63,38,22,3,0.10,3,90,0,0,1,0,0
1021,54,30,120,1,7.40,1,119,0,0,1,1,0
1022,33,8,175,2,6.70,1,102,0,0,1,0,0
1023,25,0,101,4,2.30,3,256,0,0,0,1,0
1024,41,16,104,1,1.00,3,0,0,0,1,0,0
1025,40,16,155,4,0.10,3,0,0,1,1,1,1
1026,43,18,58,1,2.40,1,0,0,0,0,0,0
1027,36,10,80,4,2.20,2,0,0,0,1,0,0
1028,57,33,45,1,1.80,3,195,0,0,0,0,0
1029,34,9,134,1,4.60,1,164,1,0,1,0,0
1030,38,14,58,4,2.00,3,153,1,0,0,0,0
1031,47,21,20,1,0.20,1,0,0,0,1,1,0
1032,39,13,25,4,1.50,3,0,0,0,1,0,0
1033,45,20,55,1,0.30,1,0,0,0,1,1,0
1034,62,37,155,1,1.30,1,0,0,0,0,0,0
1035,59,34,30,1,1.30,1,0,0,0,1,1,0
1036,61,37,39,4,0.40,1,0,0,0,1,1,0
1037,36,12,73,4,2.00,3,188,0,0,1,0,0
1038,58,34,41,4,1.30,1,0,0,0,1,0,0
1039,55,30,34,4,0.10,3,157,0,0,1,0,0
1040,29,5,21,3,0.90,3,119,0,0,0,0,0
1041,34,8,11,4,0.30,1,0,1,1,1,1,0
1042,61,35,154,2,6.90,1,0,0,0,0,0,0
1043,50,20,19,4,0.40,3,0,0,0,0,0,0
1044,52,26,101,2,2.40,2,0,0,0,1,0,0
1045,39,15,24,1,1.00,1,116,0,0,1,1,0
1046,55,29,131,2,2.70,1,0,1,0,0,0,0
1047,33,9,105,1,4.00,1,0,0,0,1,0,0
1048,47,21,52,1,1.20,2,194,0,0,0,0,0
1049,57,32,21,4,0.90,2,113,1,0,0,0,0
1050,57,31,45,3,1.40,1,198,0,0,1,0,0
1051,40,14,39,1,2.00,1,0,0,0,1,0,0
1052,50,25,192,2,2.80,1,238,0,0,0,1,0
1053,29,5,195,1,4.30,1,0,0,0,0,0,0
1054,46,22,83,3,0.70,1,0,0,0,0,0,0
1055,42,15,34,3,1.00,2,0,1,0,1,0,0
1056,59,33,49,4,1.70,2,104,0,0,1,0,0
1057,31,1,60,4,4.00,3,244,0,0,0,0,0
1058,51,25,41,4,1.80,1,0,0,0,0,0,0
1059,35,10,72,3,2.30,1,285,0,0,0,0,0
1060,59,35,102,4,3.00,2,115,0,0,1,0,1
1061,35,10,31,3,1.30,1,0,0,0,0,0,0
1062,46,20,73,1,1.50,2,128,0,0,1,0,0
1063,34,9,89,1,0.00,1,0,0,0,1,0,0
1064,55,29,19,4,0.70,3,121,1,0,0,1,0
1065,64,40,63,4,1.20,2,0,0,0,1,0,0
1066,34,9,104,3,1.20,3,0,0,0,1,0,0
1067,61,35,40,1,0.80,2,128,0,0,1,0,0
1068,63,39,92,2,0.00,3,0,0,0,1,0,0
1069,59,33,72,2,0.70,2,226,0,0,0,0,0
1070,51,27,44,3,1.90,2,141,0,0,0,0,0
1071,41,16,114,4,3.50,1,0,0,0,0,1,1
1072,37,13,73,4,2.40,1,0,0,0,0,0,0
1073,64,40,63,4,1.20,2,0,1,0,0,1,0
1074,44,20,69,1,0.80,3,184,0,1,1,1,0
1075,62,37,42,3,1.50,1,0,0,0,1,0,0
1076,50,26,88,1,2.70,1,0,0,0,1,0,0
1077,43,18,98,2,0.40,1,0,0,0,1,0,0
1078,34,8,65,1,3.00,1,227,0,0,1,0,1
1079,38,13,12,2,0.30,2,104,1,0,1,0,0
1080,29,5,122,4,3.00,1,0,0,0,0,1,1
1081,39,14,12,2,0.00,3,0,0,0,0,0,0
1082,53,29,24,2,0.20,1,0,0,0,0,1,0
1083,43,19,170,4,4.25,1,318,0,1,1,1,1
1084,61,36,184,4,2.30,2,342,0,1,1,1,1
1085,46,20,25,4,0.60,3,125,0,0,0,0,0
1086,57,31,131,2,2.70,1,0,0,0,0,0,0
1087,59,33,50,2,2.30,3,0,0,0,0,1,0
1088,52,28,21,2,0.40,1,0,1,0,1,0,0
1089,29,3,55,3,1.10,2,0,0,0,1,0,0
1090,57,32,124,1,0.20,2,0,0,0,1,0,1
1091,49,23,58,4,2.60,1,188,0,0,0,0,0
1092,39,13,72,2,2.80,1,0,0,0,1,0,0
1093,56,31,192,1,7.00,3,0,0,1,1,0,1
1094,63,38,83,3,1.80,2,0,0,0,1,0,0
1095,37,12,93,1,2.80,1,0,1,0,1,0,0
1096,56,26,38,3,1.00,3,110,1,0,1,0,0
1097,45,20,55,4,1.90,3,164,1,0,0,0,0
1098,66,41,11,3,0.10,3,0,1,0,0,1,0
1099,40,15,85,2,0.40,1,0,1,0,0,0,0
1100,50,24,124,1,4.90,1,266,0,0,1,0,0
1101,60,36,129,2,6.00,1,0,0,0,1,0,0
1102,31,7,180,1,4.30,1,0,0,0,0,0,0
1103,40,14,74,4,1.40,2,0,0,0,1,0,0
1104,36,6,138,1,7.00,3,86,0,0,1,0,1
1105,55,29,111,2,3.60,3,0,0,0,0,1,1
1106,54,28,83,3,0.80,1,0,0,0,1,0,0
1107,35,10,33,4,1.70,1,87,0,0,1,0,0
1108,55,29,21,4,0.70,3,0,0,0,0,0,0
1109,36,10,35,2,0.30,1,98,0,0,1,0,0
1110,66,41,105,1,0.80,3,0,1,1,1,1,0
1111,38,14,103,1,0.80,2,0,0,0,0,1,0
1112,58,32,75,2,2.30,3,0,0,0,0,0,0
1113,41,17,33,1,0.70,1,104,0,0,0,0,0
1114,60,34,52,4,1.70,2,0,1,0,1,0,0
1115,47,23,89,1,2.60,2,0,1,1,1,1,0
1116,62,36,63,1,2.50,3,0,0,0,0,0,0
1117,48,23,84,4,3.10,2,0,1,1,1,0,1
1118,61,36,44,4,2.10,1,0,0,0,0,0,0
1119,29,3,29,3,1.00,1,0,0,0,1,1,0
1120,45,21,29,1,0.30,3,0,0,0,1,0,0
1121,39,14,22,2,0.30,2,0,0,0,1,0,0
1122,31,6,53,4,2.20,1,114,0,0,1,0,0
1123,39,14,24,2,0.30,2,0,0,0,1,0,0
1124,63,38,153,1,1.30,1,455,0,0,0,0,0
1125,28,2,31,2,0.30,2,0,1,0,1,0,0
1126,56,30,21,2,0.70,2,0,0,0,1,0,0
1127,31,6,180,2,6.70,1,0,0,0,0,0,0
1128,46,20,82,3,0.70,2,0,0,0,1,1,0
1129,42,18,90,4,0.80,1,245,1,0,0,0,0
1130,53,29,154,4,7.40,3,0,0,0,0,0,1
1131,41,17,99,2,1.80,2,0,0,0,1,1,0
1132,61,36,153,1,2.60,2,0,1,1,0,1,1
1133,31,5,93,2,3.10,2,0,0,0,1,0,1
1134,62,38,53,1,0.00,2,0,0,0,0,0,0
1135,59,34,18,3,1.30,2,104,0,1,1,1,0
1136,49,24,70,1,2.90,1,0,0,0,0,0,0
1137,65,39,100,4,1.70,3,0,0,0,0,1,0
1138,30,6,193,3,6.30,3,0,0,0,1,0,1
1139,32,7,125,1,0.00,1,0,0,0,1,1,0
1140,56,31,68,2,0.00,3,0,1,0,1,0,0
1141,36,10,55,1,2.00,1,95,0,0,1,0,0
1142,58,34,152,4,3.60,3,0,0,0,0,0,1
1143,27,3,84,3,1.50,1,0,0,0,1,1,0
1144,41,16,13,2,0.00,3,0,0,0,1,0,0
1145,59,35,33,4,0.40,1,131,0,0,0,1,0
1146,56,32,89,4,1.00,2,90,1,0,1,0,0
1147,52,26,93,1,2.40,1,0,0,0,1,0,0
1148,35,5,68,4,1.80,3,0,0,0,0,0,0
1149,47,21,85,2,1.70,2,0,0,0,0,1,0
1150,29,4,73,1,0.80,2,0,0,0,1,0,0
1151,31,6,83,4,2.20,2,106,0,0,1,0,0
1152,62,36,158,2,6.30,3,0,0,0,1,0,1
1153,48,18,182,4,6.00,3,0,0,0,1,0,1
1154,26,1,24,2,0.90,3,123,0,0,0,1,0
1155,60,34,102,2,2.00,1,0,0,0,1,1,0
1156,35,11,53,3,2.80,1,0,0,0,0,0,0
1157,40,15,175,2,3.30,1,0,0,0,1,0,0
1158,31,5,28,3,1.00,1,0,0,0,1,0,0
1159,50,25,14,4,0.80,1,0,0,0,1,0,0
1160,33,7,139,1,4.00,3,106,0,1,1,1,1
1161,37,11,34,3,0.90,1,0,0,0,1,0,0
1162,38,14,64,1,1.50,3,0,0,0,0,1,0
1163,63,38,84,4,0.10,2,0,0,0,0,0,0
1164,57,32,42,3,0.50,2,0,1,0,1,0,0
1165,61,35,63,1,1.60,1,0,0,0,1,0,0
1166,37,12,100,3,1.20,3,341,0,0,1,1,0
1167,51,25,190,2,4.20,2,0,0,0,1,0,1
1168,44,20,22,1,1.00,1,91,0,0,0,0,0
1169,63,37,20,1,0.80,2,0,1,0,0,1,0
1170,43,18,21,2,1.40,2,0,0,0,1,1,0
1171,38,14,25,4,0.40,2,101,0,0,1,0,0
1172,34,9,20,4,1.10,3,0,0,0,1,0,0
1173,48,23,173,3,0.20,1,0,0,1,1,1,1
1174,29,5,81,2,2.50,1,0,0,0,0,1,0
1175,37,11,139,2,0.80,2,421,0,0,1,0,1
1176,60,35,119,2,3.90,1,0,1,0,1,0,0
1177,46,20,74,4,2.60,3,104,0,0,1,0,0
1178,34,10,42,1,1.50,2,131,0,0,0,0,0
1179,56,30,73,2,1.10,1,0,0,0,0,0,0
1180,57,31,114,4,5.20,1,0,1,1,1,0,1
1181,62,36,44,2,1.00,3,0,0,0,0,0,0
1182,32,8,141,2,4.33,1,0,0,0,0,0,0
1183,51,26,14,2,0.00,1,103,0,0,1,0,0
1184,55,29,33,2,0.40,3,0,0,0,0,0,0
1185,60,34,83,2,2.00,1,249,0,0,0,0,0
1186,40,16,89,4,0.80,1,155,0,0,1,0,0
1187,62,38,39,4,2.20,1,0,1,0,1,0,0
1188,63,39,83,3,2.00,3,0,0,0,1,1,0
1189,60,34,108,2,2.00,1,359,0,0,1,0,0
1190,59,34,21,3,1.30,2,0,0,0,1,1,0
1191,26,1,102,1,1.90,1,0,0,0,0,0,0
1192,56,32,48,1,1.60,3,0,0,0,0,1,0
1193,58,32,32,3,1.40,1,0,0,0,1,0,0
1194,57,31,43,1,0.20,1,0,0,0,0,0,0
1195,48,23,35,4,0.40,2,118,0,0,0,0,0
1196,30,6,184,1,6.00,1,0,0,0,1,0,0
1197,45,21,140,2,7.60,1,132,0,0,0,0,0
1198,64,38,32,3,0.70,2,0,0,0,1,1,0
1199,44,20,149,1,1.70,1,0,0,0,1,0,0
1200,51,25,15,4,0.60,3,0,0,0,0,1,0
1201,43,16,71,3,2.33,2,0,0,0,0,0,0
1202,29,3,108,4,1.80,2,0,0,0,0,0,0
1203,56,30,122,2,0.50,1,0,0,0,0,1,0
1204,65,41,40,3,0.10,3,0,0,0,1,0,0
1205,46,22,198,2,6.67,1,0,0,0,0,1,0
1206,48,24,79,4,1.40,2,0,1,0,0,1,0
1207,56,31,84,1,0.10,3,0,0,0,1,0,0
1208,61,37,31,3,0.40,2,0,0,0,0,1,0
1209,46,20,12,4,0.60,3,0,0,0,0,1,0
1210,58,34,88,2,1.60,1,0,0,0,1,1,0
1211,31,5,29,2,0.30,2,131,0,0,1,1,0
1212,27,3,201,1,6.33,1,158,0,0,1,0,0
1213,44,20,20,1,1.40,3,0,0,0,0,0,0
1214,44,20,15,1,1.00,1,0,0,0,1,0,0
1215,51,27,155,2,0.40,1,107,0,0,0,1,0
1216,39,13,25,3,0.20,2,0,0,0,1,0,0
1217,32,8,200,2,6.50,1,565,0,0,1,0,0
1218,33,7,101,1,2.70,2,233,0,0,0,0,0
1219,40,16,19,4,0.40,2,0,0,0,1,1,0
1220,36,12,188,2,6.50,1,0,0,0,1,1,0
1221,52,28,8,1,0.30,1,0,0,0,1,0,0
1222,54,29,59,2,2.30,3,152,0,0,1,0,0
1223,26,2,72,4,2.60,1,0,1,1,1,0,0
1224,39,15,55,1,1.50,3,0,0,0,1,0,0
1225,46,19,24,3,0.67,2,0,0,0,1,0,0
1226,57,32,19,1,1.30,1,0,0,0,1,0,0
1227,59,33,71,2,2.30,3,150,0,0,1,1,0
1228,52,26,54,2,1.50,2,0,0,0,0,1,0
1229,52,26,28,1,0.30,3,0,0,0,1,0,0
1230,50,20,25,4,0.40,3,0,0,0,1,0,0
1231,41,17,51,2,0.60,3,0,0,0,0,1,0
1232,43,19,125,3,2.40,1,0,0,0,1,0,1
1233,25,0,88,2,1.80,2,319,0,0,1,1,0
1234,40,16,125,2,2.20,1,0,0,0,1,0,0
1235,35,10,79,4,2.10,3,182,0,0,1,0,0
1236,60,36,31,3,0.40,2,0,0,0,1,1,0
1237,57,31,131,2,2.70,1,394,0,0,0,1,0
1238,44,19,70,1,0.20,2,230,1,0,0,0,0
1239,61,36,38,3,0.90,3,82,0,0,1,1,0
1240,33,7,83,1,2.50,1,0,1,1,1,1,0
1241,45,20,59,1,2.40,1,0,1,1,1,0,0
1242,45,21,121,1,4.70,1,0,0,0,0,0,0
1243,64,38,42,2,0.70,3,137,0,0,1,0,0
1244,50,24,32,4,1.80,1,109,0,0,1,0,0
1245,28,3,29,4,0.80,1,135,0,0,1,0,0
1246,37,12,40,2,1.10,2,0,1,0,0,1,0
1247,62,36,25,3,0.30,3,0,0,0,1,1,0
1248,29,5,21,4,0.40,2,89,0,0,0,1,0
1249,49,23,79,3,0.70,2,151,0,0,1,0,0
1250,46,22,52,2,2.10,3,221,0,0,0,0,0
1251,60,34,61,4,1.70,2,229,0,0,0,0,0
1252,55,31,25,2,0.20,1,0,0,0,0,0,0
1253,33,8,155,1,7.40,3,0,0,0,0,0,1
1254,53,29,25,2,0.40,1,0,0,0,1,0,0
1255,50,24,80,4,4.90,1,0,0,0,1,0,0
1256,28,3,55,4,1.70,2,0,0,0,1,1,0
1257,42,17,23,2,0.00,3,0,0,0,0,0,0
1258,33,9,60,1,1.20,1,0,0,0,1,1,0
1259,40,14,54,2,0.70,1,0,0,0,0,0,0
1260,31,6,44,4,0.80,1,0,0,0,0,0,0
1261,41,16,33,4,0.00,2,0,0,0,1,0,0
1262,52,27,45,2,2.00,2,121,0,0,0,1,0
1263,65,35,55,4,1.67,3,89,0,0,1,1,0
1264,48,24,134,1,5.00,1,0,0,0,0,1,0
1265,45,21,44,3,0.60,2,0,0,0,1,0,0
1266,26,0,149,2,7.20,1,154,0,0,0,0,0
1267,64,38,22,2,0.20,3,0,1,0,0,0,0
1268,41,14,74,3,2.33,2,0,0,0,1,0,0
1269,43,18,128,4,5.30,1,84,0,0,0,0,1
1270,60,36,62,4,2.20,1,0,0,0,0,0,0
1271,62,37,9,1,0.10,1,94,0,0,0,0,0
1272,46,21,9,2,0.70,3,0,0,0,1,0,0
1273,36,11,15,2,0.30,2,119,0,0,0,0,0
1274,31,5,28,4,0.80,1,0,0,0,0,0,0
1275,43,18,83,3,0.50,3,0,0,0,0,1,0
1276,46,22,73,1,0.80,3,117,0,0,0,0,0
1277,50,26,42,4,1.10,2,151,0,0,1,0,0
1278,52,27,34,2,0.70,2,114,0,0,1,1,0
1279,27,3,32,3,1.00,2,0,0,0,0,0,0
1280,34,9,68,1,2.80,1,0,0,0,1,0,0
1281,49,24,82,1,2.90,1,267,0,0,1,0,0
1282,52,26,19,2,0.70,2,0,0,0,0,1,0
1283,37,11,60,2,2.80,1,181,0,0,0,1,0
1284,53,27,192,1,1.70,1,601,0,0,1,0,0
1285,54,29,119,3,2.00,1,0,1,1,0,0,1
1286,29,3,190,2,4.50,1,0,0,0,1,0,0
1287,35,11,34,1,1.50,2,0,0,0,0,0,0
1288,32,6,44,4,0.20,1,0,1,1,1,1,0
1289,38,13,23,4,0.20,3,0,0,0,1,0,0
1290,44,20,171,4,0.70,1,567,0,1,1,1,1
1291,44,20,43,1,0.30,3,0,1,0,0,1,0
1292,48,22,139,1,0.00,1,0,0,1,1,1,0
1293,46,20,118,1,5.70,1,0,0,1,1,1,0
1294,35,9,113,3,0.80,3,0,0,0,1,0,1
1295,56,32,98,3,3.90,3,0,0,0,0,0,1
1296,49,24,70,1,2.90,1,0,0,0,0,1,0
1297,57,32,42,2,2.10,3,0,0,0,1,0,0
1298,35,10,143,1,8.60,1,0,0,0,1,1,0
1299,44,20,185,3,2.70,1,0,0,0,1,0,1
1300,38,14,28,4,0.40,2,100,0,0,1,0,0
1301,57,33,45,3,1.50,1,181,1,1,1,1,0
1302,35,10,78,1,2.60,2,0,0,0,0,0,0
1303,29,3,121,2,1.30,1,0,0,0,0,0,0
1304,58,32,59,1,1.60,1,0,0,0,1,0,0
1305,40,16,64,4,2.67,1,0,1,0,1,0,0
1306,51,26,15,2,0.00,1,114,0,0,1,0,0
1307,61,36,10,1,0.10,1,0,0,0,0,0,0
1308,46,20,61,2,0.40,3,0,0,0,0,0,0
1309,55,31,50,4,1.50,1,0,0,0,1,0,0
1310,35,10,79,4,2.10,3,0,1,0,1,0,0
1311,60,34,35,1,0.20,1,0,0,0,1,0,0
1312,28,3,11,4,0.50,3,0,0,0,0,0,0
1313,43,19,128,1,4.70,1,0,0,0,1,0,0
1314,61,36,55,3,0.90,3,0,0,0,1,1,0
1315,48,22,79,3,0.70,2,0,0,0,1,0,0
1316,65,39,18,2,0.40,1,0,1,1,1,1,0
1317,45,19,91,2,1.70,2,0,1,0,1,0,0
1318,36,11,9,4,0.20,3,0,0,0,0,1,0
1319,45,20,62,2,2.20,3,0,0,0,1,0,0
1320,60,34,59,1,1.60,1,231,0,0,1,0,0
1321,47,22,25,1,0.10,1,148,0,0,1,0,0
1322,32,7,54,4,1.30,1,0,1,0,1,0,0
1323,48,23,112,1,5.10,2,86,1,1,1,0,1
1324,33,8,125,1,0.00,1,0,0,0,1,1,0
1325,49,23,194,4,8.30,2,0,0,0,0,1,1
1326,56,32,161,1,5.80,3,0,1,0,0,0,1
1327,59,33,35,1,0.20,1,171,0,0,0,0,0
1328,56,30,113,2,2.70,1,352,0,0,0,1,0
1329,30,4,25,2,0.30,2,0,0,0,0,0,0
1330,59,29,45,3,2.00,3,0,0,0,1,0,0
1331,38,13,119,2,7.80,1,221,0,0,0,0,0
1332,47,22,30,4,0.40,2,115,0,0,1,1,0
1333,54,29,79,4,3.80,2,0,1,0,1,0,0
1334,34,9,178,1,0.80,3,0,0,0,0,0,1
1335,41,16,23,2,0.30,2,118,0,0,0,0,0
1336,47,23,171,2,1.40,1,284,0,0,1,1,0
1337,44,19,74,4,1.90,3,0,0,0,0,0,0
1338,43,18,103,3,1.00,1,180,0,0,1,1,0
1339,31,7,99,1,4.00,1,0,0,0,1,0,0
1340,28,2,43,4,1.30,3,0,0,0,1,1,0
1341,55,25,23,4,0.40,3,88,0,0,0,0,0
1342,42,17,91,1,0.10,2,199,0,0,1,1,0
1343,53,29,93,1,2.70,2,256,0,0,1,0,0
1344,30,6,154,1,6.00,1,0,0,0,0,0,0
1345,65,40,21,3,0.10,3,0,0,0,0,1,0
1346,43,18,65,2,2.20,3,0,0,0,1,0,0
1347,56,32,15,1,0.10,2,0,0,0,1,0,0
1348,25,0,52,3,2.60,3,159,0,0,0,0,0
1349,35,10,30,3,1.30,1,0,1,1,1,1,0
1350,50,26,42,1,1.60,2,0,0,0,1,0,0
1351,36,10,20,4,0.30,1,97,0,0,1,0,0
1352,34,8,60,4,2.20,2,0,0,0,0,1,0
1353,32,6,54,4,1.80,3,167,0,0,0,0,0
1354,51,25,60,4,2.60,1,97,0,0,1,0,0
1355,52,25,41,3,1.00,2,0,0,0,1,0,0
1356,65,39,30,3,0.70,2,0,0,0,1,1,0
1357,51,24,21,2,1.00,2,0,0,0,1,0,0
1358,37,13,105,1,0.80,2,0,0,0,0,1,0
1359,35,11,65,3,2.80,1,240,0,0,1,0,0
1360,67,41,20,2,0.40,1,80,0,0,0,0,0
1361,30,6,179,3,4.90,1,142,0,0,1,0,1
1362,62,38,161,1,2.90,1,0,1,1,1,1,0
1363,42,17,82,1,3.70,3,0,0,0,1,0,0
1364,48,22,43,1,1.20,2,112,0,0,1,0,0
1365,61,36,61,2,2.80,1,0,0,0,0,0,0
1366,36,6,90,4,1.80,3,0,1,0,0,0,0
1367,48,24,90,1,2.60,2,334,0,0,1,0,0
1368,65,39,21,2,0.40,1,0,0,0,0,0,0
1369,25,1,118,1,5.40,1,0,0,0,1,1,0
1370,55,30,44,2,2.00,2,0,0,0,1,0,0
1371,63,37,110,1,4.10,3,0,0,0,0,0,1
1372,31,5,99,4,1.80,2,268,0,0,0,0,0
1373,43,17,98,3,1.10,1,0,0,0,0,0,0
1374,28,4,69,3,0.70,2,80,0,0,1,0,0
1375,37,11,82,3,0.90,2,218,0,0,1,1,0
1376,27,3,112,3,2.50,1,389,1,0,1,0,0
1377,62,38,123,1,2.90,1,0,0,0,0,0,0
1378,51,24,78,1,2.67,2,0,0,0,1,0,0
1379,56,30,59,3,0.80,1,159,1,0,1,0,0
1380,56,30,78,3,1.70,2,0,0,0,0,0,0
1381,44,19,49,4,1.90,3,89,0,0,1,0,0
1382,46,19,82,3,2.67,2,0,0,0,0,0,0
1383,56,32,125,3,0.60,1,342,0,1,1,1,1
1384,56,30,185,1,2.90,1,0,0,0,0,0,0
1385,57,33,163,1,7.40,1,0,0,0,1,0,0
1386,31,6,19,4,1.10,3,104,0,1,1,1,0
1387,65,41,115,4,1.70,2,0,0,0,0,0,0
1388,31,7,81,2,2.00,2,0,0,1,1,1,0
1389,36,10,93,1,2.80,3,0,0,0,1,0,0
1390,56,30,111,4,0.30,1,372,1,1,1,0,1
1391,52,27,184,1,8.10,1,0,0,0,0,0,0
1392,42,18,50,4,2.20,2,0,0,0,0,0,0
1393,55,30,55,3,1.70,1,0,0,0,0,1,0
1394,49,24,13,1,0.40,3,101,1,0,0,0,0
1395,51,25,29,4,0.10,1,0,0,0,1,1,0
1396,26,2,72,4,2.60,1,0,0,0,1,0,0
1397,32,7,83,1,2.60,2,0,1,0,0,1,0
1398,54,29,98,1,0.10,3,0,0,0,0,0,0
1399,50,24,43,4,0.10,1,0,0,0,1,0,0
1400,59,33,34,1,0.20,1,0,0,0,1,0,0
1401,61,36,10,4,0.40,2,0,0,0,1,0,0
1402,43,19,201,2,6.67,1,0,1,0,1,0,0
1403,39,14,85,3,1.20,3,107,0,0,1,1,0
1404,56,26,50,3,1.40,3,0,0,0,0,0,0
1405,38,14,91,2,0.00,1,0,0,0,1,0,0
1406,25,0,112,2,2.00,1,241,0,0,1,0,0
1407,42,17,98,2,0.40,1,275,0,0,1,0,0
1408,42,18,115,1,0.30,1,0,0,0,0,0,0
1409,50,26,22,4,0.50,2,112,0,0,1,0,0
1410,56,30,101,3,1.70,2,0,0,0,0,1,0
1411,43,18,83,2,3.80,3,112,0,0,0,0,0
1412,60,35,52,3,0.50,2,0,0,0,0,0,0
1413,42,16,191,3,4.80,2,0,1,1,1,0,1
1414,57,33,134,4,0.90,1,198,0,0,1,0,1
1415,48,24,54,1,1.60,2,186,0,0,1,0,0
1416,37,11,69,3,2.10,1,0,1,0,0,0,0
1417,57,32,64,3,1.60,3,0,0,0,1,0,0
1418,62,32,53,4,1.67,3,142,0,0,0,0,0
1419,39,9,118,2,6.00,3,246,0,1,1,1,1
1420,38,13,19,2,1.40,2,120,0,0,0,1,0
1421,54,28,31,2,0.40,3,0,0,0,0,0,0
1422,45,21,63,1,0.80,3,245,0,0,1,1,0
1423,39,15,25,1,1.40,3,0,0,0,0,0,0
1424,45,19,22,1,0.20,1,0,0,0,1,0,0
1425,62,38,78,1,1.80,3,0,0,0,0,0,0
1426,43,19,81,1,0.30,1,218,0,0,1,0,0
1427,30,6,41,1,2.40,2,0,0,0,1,0,0
1428,35,10,62,3,2.30,1,0,0,0,0,0,0
1429,58,34,35,1,1.20,3,0,0,0,1,0,0
1430,44,19,30,1,0.60,3,0,0,0,1,0,0
1431,56,29,51,3,1.00,2,0,0,0,1,0,0
1432,28,2,140,2,2.00,1,0,0,0,1,0,0
1433,64,39,73,3,2.40,1,185,0,0,0,0,0
1434,63,39,40,4,1.20,2,0,0,0,1,0,0
1435,44,20,69,1,0.80,3,0,0,0,1,1,0
1436,34,9,191,1,4.80,3,0,0,1,1,1,1
1437,50,24,82,3,3.00,2,0,0,0,1,0,0
1438,51,25,181,1,3.30,3,589,1,1,1,0,1
1439,30,4,38,1,1.90,3,0,0,0,1,0,0
1440,55,31,23,2,0.20,1,0,0,0,1,0,0
1441,57,33,55,1,1.80,3,0,0,0,1,0,0
1442,43,19,58,2,3.20,1,0,0,0,1,0,0
1443,61,36,29,2,0.50,2,0,0,0,1,0,0
1444,49,23,39,4,2.60,1,0,0,0,0,0,0
1445,52,28,39,3,1.90,2,83,0,1,1,1,0
1446,57,33,30,3,1.50,1,151,1,0,1,0,0
1447,53,23,58,4,2.00,3,0,0,0,1,1,0
1448,52,28,62,1,1.80,3,231,0,0,1,0,0
1449,39,15,62,4,2.40,1,86,0,0,0,0,0
1450,58,34,19,1,1.20,3,0,0,0,0,0,0
1451,36,12,38,1,1.50,2,0,0,0,0,0,0
1452,45,21,84,4,2.00,3,0,0,0,1,1,0
1453,30,5,78,1,2.60,2,0,0,0,1,0,0
1454,49,25,22,4,0.20,1,83,0,0,1,0,0
1455,44,20,81,4,2.00,3,277,0,0,1,0,0
1456,43,17,32,3,0.50,2,0,0,0,1,0,0
1457,42,18,89,4,0.80,1,184,0,0,0,0,0
1458,29,4,121,2,3.30,1,0,0,0,1,0,0
1459,28,2,42,1,1.50,1,0,0,0,1,1,0
1460,50,24,130,1,1.00,1,0,0,0,0,0,0
1461,44,19,30,4,0.00,2,0,0,0,1,0,0
1462,52,26,114,1,4.90,1,0,0,0,0,0,0
1463,28,4,155,1,6.33,1,0,0,0,0,0,0
1464,62,38,50,2,1.10,1,0,0,0,0,1,0
1465,34,10,34,1,1.50,2,111,0,0,0,1,0
1466,45,20,94,3,0.50,3,0,0,0,1,0,0
1467,52,26,114,2,2.40,2,0,0,0,0,0,0
1468,43,18,89,3,0.50,3,108,0,0,0,1,0
1469,54,24,49,1,1.40,3,0,0,0,1,0,0
1470,64,38,115,1,2.00,1,0,0,0,1,1,0
1471,27,3,148,1,1.50,1,397,0,0,1,1,0
1472,42,17,72,4,1.10,2,203,0,0,0,1,0
1473,28,2,114,4,2.10,3,0,0,0,1,0,0
1474,47,22,11,2,0.00,1,78,0,0,0,0,0
1475,39,13,63,4,0.20,3,242,0,0,0,0,0
1476,29,3,113,2,0.20,1,0,0,0,1,1,0
1477,39,13,80,2,1.80,1,0,0,0,1,0,0
1478,41,15,54,3,0.50,3,0,0,0,1,1,0
1479,37,11,32,2,1.40,3,0,1,0,1,0,0
1480,41,17,11,1,1.00,1,0,0,0,0,0,0
1481,45,19,141,1,2.40,1,0,0,0,1,0,0
1482,52,26,84,3,3.00,2,0,0,0,1,0,0
1483,58,33,18,3,0.10,2,110,0,0,1,0,0
1484,31,5,20,2,0.30,1,0,0,0,0,0,0
1485,26,1,55,4,1.70,2,175,0,0,1,0,0
1486,31,7,31,4,0.40,2,79,0,0,0,0,0
1487,42,17,114,2,0.40,1,0,0,0,0,0,0
1488,56,31,52,3,2.00,2,0,1,1,1,1,0
1489,52,28,18,1,0.30,1,120,0,0,1,0,0
1490,59,35,55,1,1.80,3,0,1,0,0,0,0
1491,32,8,29,1,0.20,3,76,0,0,1,1,0
1492,46,22,30,3,0.50,1,0,0,0,0,0,0
1493,52,28,38,2,0.80,1,0,0,0,0,1,0
1494,30,5,122,2,3.10,1,0,0,0,0,0,0
1495,32,8,183,1,6.00,1,0,0,0,0,0,0
1496,35,11,41,1,2.40,2,0,0,0,0,0,0
1497,49,24,38,1,1.40,3,0,0,0,0,0,0
1498,54,30,61,1,1.80,3,0,0,0,1,0,0
1499,56,32,103,3,4.00,3,0,0,0,0,0,1
1500,48,22,80,2,2.40,2,0,0,0,1,0,0
1501,28,2,22,1,0.10,2,0,0,0,1,0,0
1502,44,17,128,2,3.25,2,0,0,0,0,1,1
1503,30,4,142,3,4.20,1,359,0,0,0,0,1
1504,44,20,124,1,4.70,1,0,0,0,1,1,0
1505,30,4,44,1,1.90,3,143,0,0,0,0,0
1506,47,23,170,2,6.50,2,0,0,1,1,1,1
1507,64,39,75,4,0.10,2,0,0,1,1,1,0
1508,48,21,78,3,2.00,2,0,0,0,1,1,0
1509,63,38,31,1,1.10,3,125,0,0,1,0,0
1510,25,0,99,1,1.90,1,323,0,0,0,0,0
1511,61,36,41,2,1.50,1,0,0,0,0,0,0
1512,46,21,39,4,0.00,2,0,0,0,1,0,0
1513,57,31,51,1,1.40,1,0,0,0,1,1,0
1514,40,15,52,3,0.80,3,113,0,0,1,0,0
1515,49,19,169,3,5.67,3,167,0,1,0,1,1
1516,30,5,141,1,0.80,1,0,0,0,1,0,0
1517,41,17,93,4,0.80,1,218,0,0,0,0,0
1518,42,15,14,3,1.00,2,0,1,0,0,0,0
1519,63,39,160,2,2.10,1,0,0,0,1,1,0
1520,43,17,44,1,0.20,1,0,1,1,1,0,0
1521,59,34,33,3,0.20,1,0,1,0,0,0,0
1522,46,20,103,4,4.80,3,0,0,0,1,0,1
1523,33,3,71,4,1.80,3,236,0,0,0,0,0
1524,55,29,55,1,0.20,1,151,0,0,1,0,0
1525,36,12,113,4,0.20,1,0,0,0,0,0,1
1526,47,20,79,3,2.00,2,185,1,0,0,0,0
1527,59,33,80,2,0.70,2,0,0,0,1,0,0
1528,38,12,179,2,0.00,1,380,0,0,0,0,0
1529,42,17,9,2,0.00,3,0,0,0,0,0,0
1530,30,3,61,4,2.00,2,0,0,0,1,0,0
1531,63,38,111,2,3.90,1,207,1,1,1,1,0
1532,60,35,80,3,0.50,1,0,0,0,1,0,0
1533,62,37,32,3,0.20,1,0,1,0,0,1,0
1534,49,23,83,1,0.30,1,0,0,0,1,1,0
1535,59,33,91,4,1.90,2,329,0,0,0,0,0
1536,36,10,29,4,1.00,1,0,0,0,1,1,0
1537,46,19,19,3,0.67,2,0,0,0,1,0,0
1538,35,8,52,2,1.00,2,0,0,0,0,1,0
1539,50,24,150,1,7.30,1,0,0,0,1,1,0
1540,51,25,32,2,0.40,3,0,0,0,1,0,0
1541,41,16,91,3,0.50,3,0,0,0,0,0,0
1542,45,20,180,3,8.50,2,535,0,0,0,0,1
1543,41,17,121,1,0.30,1,0,0,0,1,0,0
1544,57,32,25,2,0.20,3,0,0,0,1,1,0
1545,51,25,102,1,0.30,1,0,0,0,1,0,0
1546,52,28,44,4,0.90,2,107,0,0,1,0,0
1547,43,16,161,3,8.00,2,0,0,1,1,1,1
1548,63,38,134,3,4.00,2,0,0,0,0,1,1
1549,28,4,43,1,1.80,2,0,0,0,1,1,0
1550,43,18,94,4,1.10,2,0,0,0,1,0,0
1551,41,15,29,2,0.80,3,98,0,0,0,0,0
1552,34,8,38,4,0.20,1,0,0,0,0,0,0
1553,28,3,120,1,0.80,1,170,0,0,0,0,0
1554,58,32,85,2,2.00,1,161,1,1,1,1,0
1555,39,15,89,2,1.90,1,0,0,0,0,0,0
1556,49,23,25,1,1.40,3,0,0,0,1,0,0
1557,33,8,20,3,1.30,1,83,0,0,0,1,0
1558,37,12,125,2,3.90,1,0,0,0,1,1,0
1559,33,7,18,1,0.60,3,0,0,0,0,0,0
1560,28,3,173,2,6.70,1,222,0,0,1,0,0
1561,54,29,34,4,0.10,3,0,0,0,1,1,0
1562,63,38,159,4,4.90,2,111,0,0,0,0,1
1563,57,31,55,3,2.50,1,219,0,1,1,1,0
1564,56,30,32,2,0.40,3,0,0,0,1,0,0
1565,54,29,65,4,1.80,3,0,0,0,0,1,0
1566,29,5,83,3,1.50,1,0,0,0,1,1,0
1567,41,16,30,2,1.40,2,0,0,0,0,1,0
1568,58,32,180,1,2.90,1,0,0,0,0,1,0
1569,61,37,13,2,0.30,3,0,0,0,1,0,0
1570,30,4,35,4,0.80,1,0,0,0,1,1,0
1571,62,37,95,3,0.50,1,0,0,0,0,0,0
1572,52,28,83,1,0.00,1,0,0,0,1,0,0
1573,29,3,39,4,0.20,1,137,0,0,1,1,0
1574,46,20,54,1,0.70,3,154,0,0,1,1,0
1575,52,27,81,1,1.30,3,293,0,0,0,1,0
1576,40,16,53,4,2.00,3,0,0,0,0,0,0
1577,49,23,119,1,7.30,1,398,0,0,0,0,0
1578,34,9,160,4,8.00,3,0,0,0,0,1,1
1579,35,11,21,2,1.00,2,0,0,0,0,0,0
1580,26,2,40,1,1.00,3,0,0,0,1,0,0
1581,65,40,69,4,0.10,2,0,0,0,1,0,0
1582,52,27,45,1,1.30,2,0,0,0,0,0,0
1583,32,7,55,4,2.00,2,0,0,0,1,0,0
1584,31,7,38,1,0.20,3,0,0,0,1,0,0
1585,36,9,44,4,1.00,2,101,1,0,1,0,0
1586,50,24,45,3,0.60,2,117,0,0,1,0,0
1587,36,12,84,1,0.80,2,0,0,0,1,1,0
1588,51,27,188,2,6.90,2,343,0,0,1,0,1
1589,39,9,29,3,2.00,3,151,1,0,0,0,0
1590,53,29,95,1,2.70,2,0,0,0,1,0,0
1591,50,25,79,1,2.90,1,307,0,0,0,1,0
1592,31,4,41,1,2.00,2,0,1,0,1,0,0
1593,53,23,19,4,0.40,3,84,0,0,1,0,0
1594,48,23,75,4,3.60,3,0,0,0,1,1,0
1595,57,31,64,3,2.50,1,208,0,0,0,1,0
1596,47,21,174,4,3.20,3,0,0,0,0,0,1
1597,55,29,54,2,2.30,3,93,0,0,0,0,0
1598,37,11,14,3,0.10,2,113,0,0,1,0,0
1599,59,35,94,1,3.80,1,272,0,0,0,0,0
1600,53,29,10,2,0.40,1,0,0,0,0,0,0
1601,31,6,145,1,0.80,1,84,0,0,1,0,0
1602,35,5,203,1,10.00,3,0,0,0,0,0,1
1603,25,0,81,2,1.60,3,0,0,0,1,1,0
1604,37,13,153,2,6.50,1,0,0,0,1,1,0
1605,40,14,58,4,0.20,3,0,0,0,1,0,0
1606,31,5,49,4,1.80,3,0,0,0,1,1,0
1607,62,38,132,1,2.90,1,0,0,0,0,0,0
1608,41,17,85,4,0.20,3,229,0,0,0,0,0
1609,56,32,85,3,2.67,1,0,1,0,1,0,0
1610,47,23,178,1,6.50,3,0,0,0,0,0,1
1611,28,4,104,3,2.50,1,0,0,0,0,0,0
1612,60,34,40,1,1.60,1,0,0,0,1,0,0
1613,27,2,103,1,1.90,1,120,0,0,1,0,0
1614,57,33,25,2,1.00,1,0,0,0,1,0,0
1615,62,36,69,2,1.70,3,0,0,0,1,0,0
1616,57,31,30,3,1.40,1,0,0,0,0,0,0
1617,44,17,70,3,2.67,2,0,0,0,0,0,0
1618,31,7,15,3,0.90,3,0,0,0,1,0,0
1619,31,5,125,2,1.30,1,0,0,0,1,1,0
1620,39,13,50,3,0.50,3,0,0,0,0,0,0
1621,41,17,44,1,0.30,3,0,0,0,1,0,0
1622,41,17,38,4,2.20,2,180,0,0,0,1,0
1623,55,29,64,3,0.80,1,119,0,0,0,1,0
1624,28,2,9,1,0.10,2,0,0,0,1,0,0
1625,35,9,44,3,0.90,1,89,0,0,0,0,0
1626,44,20,93,4,0.80,1,101,0,0,1,0,0
1627,44,19,83,4,0.40,1,141,0,0,0,0,0
1628,40,14,179,2,0.00,1,0,0,0,0,0,0
1629,65,40,40,1,1.10,3,0,0,0,0,0,0
1630,35,10,58,4,0.70,3,232,0,0,0,0,0
1631,55,31,74,3,2.67,1,0,0,0,0,1,0
1632,55,31,15,1,0.20,1,0,0,0,0,0,0
1633,59,35,11,2,1.00,1,0,0,0,0,1,0
1634,39,15,41,1,2.00,2,176,0,0,1,0,0
1635,50,24,68,1,1.50,2,120,0,0,1,1,0
1636,45,15,28,1,0.75,3,0,1,0,0,0,0
1637,50,26,115,1,1.20,3,0,0,0,0,1,1
1638,65,40,83,4,0.10,2,247,0,0,1,0,0
1639,36,11,40,2,1.10,2,166,1,0,0,0,0
1640,57,32,113,1,0.10,3,0,0,0,1,0,0
1641,53,27,89,1,0.80,3,0,1,0,1,0,0
1642,28,4,38,4,1.60,1,0,0,0,0,0,0
1643,55,31,62,4,1.50,1,0,0,0,1,0,0
1644,56,31,65,3,1.70,1,109,0,0,0,0,0
1645,33,6,168,3,5.67,2,0,1,1,1,0,1
1646,57,32,40,3,1.70,1,0,0,0,1,1,0
1647,27,3,30,1,1.00,3,80,0,0,0,0,0
1648,27,3,20,4,1.00,1,0,0,0,0,0,0
1649,54,30,58,2,3.20,3,0,0,0,0,0,0
1650,48,22,150,1,7.30,1,193,0,0,0,0,0
1651,62,38,54,1,0.80,1,0,1,0,0,1,0
1652,41,16,19,2,0.30,2,105,0,0,0,0,0
1653,62,38,30,3,0.10,3,128,0,0,1,0,0
1654,40,14,123,1,5.20,1,0,0,0,1,0,0
1655,32,8,45,1,2.40,2,0,0,0,0,0,0
1656,62,38,154,1,2.90,1,0,0,0,1,0,0
1657,35,11,93,2,2.70,1,0,0,0,1,1,0
1658,25,0,71,4,0.20,1,78,1,0,0,0,0
1659,50,25,83,4,3.10,1,0,0,0,0,1,1
1660,61,35,99,1,4.80,3,255,0,0,0,1,1
1661,43,17,55,3,2.20,2,0,0,0,0,0,0
1662,52,28,38,4,0.90,2,95,0,0,1,1,0
1663,39,13,74,3,0.90,2,155,0,0,1,0,0
1664,33,3,69,4,1.80,3,0,0,0,1,0,0
1665,27,3,104,2,2.50,1,184,1,0,1,0,0
1666,27,0,38,4,1.00,3,154,0,0,1,0,0
1667,32,8,25,3,0.90,3,0,0,0,1,1,0
1668,65,40,162,1,1.30,1,0,0,0,1,0,0
1669,55,29,64,4,2.60,3,0,0,0,1,0,0
1670,52,27,30,2,0.70,2,0,0,0,1,1,0
1671,39,13,52,3,0.50,3,0,1,0,0,1,0
1672,35,11,42,1,1.50,3,0,0,0,1,0,0
1673,39,15,79,2,1.80,2,219,0,0,0,0,0
1674,34,10,34,1,1.70,1,164,0,0,0,0,0
1675,30,5,123,2,3.10,1,0,0,0,1,0,0
1676,37,12,160,2,3.30,1,0,0,0,0,0,0
1677,41,14,51,3,2.33,2,0,0,0,1,0,0
1678,31,7,108,1,4.00,1,0,0,0,1,0,0
1679,37,13,158,2,2.30,2,0,0,1,1,1,1
1680,49,23,68,1,1.50,2,0,0,0,0,0,0
1681,58,33,42,2,1.60,3,0,0,0,1,0,0
1682,45,15,32,1,0.75,3,105,0,0,1,0,0
1683,40,14,22,2,1.40,3,0,0,0,0,0,0
1684,34,8,29,2,2.00,3,0,0,0,1,1,0
1685,62,36,183,2,3.40,3,0,0,0,0,0,1
1686,54,30,69,1,1.60,3,0,0,0,1,1,0
1687,26,2,92,2,0.20,1,0,0,0,1,0,0
1688,54,30,40,2,1.00,3,0,0,0,0,0,0
1689,29,4,9,4,0.50,3,86,0,0,1,1,0
1690,48,23,128,1,0.60,1,0,0,0,1,1,0
1691,27,3,110,2,0.20,1,294,1,0,0,1,0
1692,42,18,171,2,8.00,1,0,0,0,1,0,0
1693,25,1,13,4,1.00,1,95,0,0,0,1,0
1694,45,19,25,2,0.10,3,102,0,0,1,0,0
1695,34,9,123,1,1.60,2,0,0,0,1,0,1
1696,51,27,33,4,0.20,1,83,0,0,1,0,0
1697,51,24,189,4,4.75,2,0,0,0,1,0,1
1698,60,35,34,1,0.30,3,0,0,0,1,0,0
1699,59,35,58,1,0.00,2,0,0,0,1,0,0
1700,49,24,51,1,1.30,2,98,0,0,0,1,0
1701,50,25,29,2,1.30,1,0,0,0,0,0,0
1702,41,16,111,2,0.40,1,0,0,0,0,0,0
1703,49,24,43,4,1.90,3,0,0,0,1,0,0
1704,50,25,130,1,0.60,1,311,0,0,0,0,0
1705,63,37,20,2,0.40,1,76,0,0,0,0,0
1706,63,37,101,2,2.80,1,0,0,0,0,0,0
1707,33,7,48,4,2.20,2,207,0,0,0,0,0
1708,38,12,180,1,2.80,3,158,0,0,1,0,1
1709,64,40,92,2,0.00,3,185,1,0,1,0,0
1710,36,10,33,3,0.90,1,0,0,0,0,0,0
1711,58,33,51,2,1.90,2,0,0,0,0,0,0
1712,39,14,31,2,1.40,2,94,0,0,1,1,0
1713,46,22,83,1,2.70,1,0,0,0,1,0,0
1714,61,37,45,1,0.80,1,0,0,0,0,0,0
1715,53,27,89,1,0.80,3,146,0,0,1,1,0
1716,28,3,193,3,4.00,2,0,0,0,1,0,1
1717,64,40,89,1,3.80,1,0,0,0,0,0,0
1718,48,24,162,4,3.30,2,446,0,1,1,0,1
1719,38,13,9,2,0.30,2,0,0,0,0,0,0
1720,52,22,58,4,2.00,3,223,0,0,1,0,0
1721,65,40,80,1,0.80,3,0,0,0,1,0,0
1722,59,33,73,2,1.70,3,0,0,0,1,1,0
1723,45,20,41,1,0.30,1,0,0,0,1,0,0
1724,53,28,74,3,2.00,2,0,1,0,0,0,0
1725,38,12,29,2,1.40,3,0,0,0,1,0,0
1726,54,24,25,4,0.40,3,115,0,0,0,0,0
1727,25,1,98,1,5.40,1,0,0,0,1,0,0
1728,61,35,59,4,1.70,2,0,0,0,1,1,0
1729,48,23,43,4,1.90,3,0,0,0,1,0,0
1730,46,22,72,4,1.40,2,149,0,0,1,1,0
1731,36,11,183,1,3.00,3,0,0,1,1,1,1
1732,46,20,134,1,5.70,1,146,1,0,1,0,0
1733,59,33,140,2,0.50,1,262,0,0,1,0,0
1734,59,35,39,1,1.80,3,0,0,0,1,0,0
1735,36,12,35,4,0.40,2,0,0,0,1,0,0
1736,63,37,141,2,6.90,1,0,0,0,1,1,0
1737,51,24,23,1,0.50,2,0,0,0,1,0,0
1738,30,5,134,1,0.00,1,0,0,0,1,1,0
1739,48,22,35,1,1.40,3,0,0,0,1,0,0
1740,55,29,42,4,2.50,1,0,1,0,0,0,0
1741,41,17,81,4,0.20,3,167,1,0,0,0,0
1742,26,0,14,4,0.40,1,94,0,0,1,0,0
1743,41,17,45,1,1.80,1,172,1,0,1,0,0
1744,54,28,79,3,1.70,2,150,0,0,1,1,0
1745,57,31,53,1,0.80,2,120,0,0,0,0,0
1746,54,28,33,2,0.70,2,0,0,0,0,1,0
1747,35,11,190,3,3.10,2,266,0,0,0,0,1
1748,60,34,60,1,2.50,3,103,0,0,0,0,0
1749,63,37,8,1,0.80,2,97,0,0,1,0,0
1750,41,14,38,3,1.00,2,150,0,0,1,0,0
1751,46,22,154,1,5.00,1,0,0,0,1,0,0
1752,31,5,54,4,2.20,2,0,0,0,0,0,0
1753,58,32,41,3,1.40,1,0,0,0,1,0,0
1754,59,35,25,2,0.30,1,75,0,0,1,0,0
1755,46,22,53,2,1.70,1,109,0,0,0,0,0
1756,33,9,79,1,0.10,1,0,0,0,1,0,0
1757,56,31,13,4,0.90,2,76,0,1,1,1,0
1758,47,23,130,2,1.40,1,0,0,0,0,0,0
1759,59,33,93,2,0.70,2,0,0,0,0,0,0
1760,24,0,82,3,0.80,1,0,0,0,1,0,0
1761,39,14,15,2,0.30,2,92,0,0,0,0,0
1762,30,3,150,4,5.00,2,0,0,0,1,0,1
1763,55,29,131,2,0.70,2,0,0,0,0,1,1
1764,47,21,28,3,1.50,1,0,0,0,1,0,0
1765,35,11,9,4,0.70,2,0,0,0,1,0,0
1766,47,23,88,4,1.40,2,0,0,0,0,0,0
1767,38,13,143,1,4.10,1,0,0,0,0,0,0
1768,38,13,168,2,1.30,3,0,0,0,0,0,1
1769,27,3,105,1,3.00,2,0,1,0,0,0,1
1770,42,18,62,3,2.10,3,0,0,0,1,0,0
1771,26,2,51,4,2.60,1,0,0,0,1,0,0
1772,60,34,101,3,4.40,1,0,0,0,1,1,0
1773,27,3,90,3,0.80,1,0,0,0,1,0,0
1774,27,1,83,4,2.10,3,0,0,0,1,1,0
1775,40,15,21,2,0.00,3,0,0,0,1,0,0
1776,40,16,115,1,3.40,1,0,0,0,1,0,0
1777,29,3,172,4,4.40,1,0,0,0,0,0,1
1778,30,6,32,2,1.00,2,0,0,0,0,0,0
1779,30,4,204,2,4.50,1,0,0,0,1,0,0
1780,47,23,34,4,0.60,1,0,0,1,1,1,0
1781,33,7,30,2,2.00,3,132,0,0,0,0,0
1782,57,32,31,3,1.30,2,0,0,0,1,1,0
1783,38,14,90,2,2.70,1,0,0,0,1,1,0
1784,54,28,79,4,2.60,3,0,0,0,0,0,0
1785,47,23,22,4,0.60,1,0,0,0,1,1,0
1786,48,22,114,1,2.40,3,0,0,0,1,0,1
1787,62,36,42,1,0.50,3,128,0,0,1,0,0
1788,30,6,29,1,0.20,3,90,0,0,1,0,0
1789,35,11,72,3,2.60,2,0,0,0,1,0,0
1790,59,35,68,1,1.80,3,95,0,0,0,0,0
1791,38,13,78,4,0.70,3,0,0,0,1,0,0
1792,47,23,90,1,2.70,1,323,0,0,0,0,0
1793,57,33,170,2,2.10,2,0,0,0,0,0,1
1794,42,17,14,2,0.10,2,0,0,0,1,0,0
1795,39,15,129,2,1.90,1,0,0,0,0,0,0
1796,53,23,39,3,1.00,3,87,0,0,1,0,0
1797,27,3,82,2,0.20,1,0,0,0,0,1,0
1798,59,35,31,3,0.40,2,0,0,0,1,1,0
1799,48,24,9,4,0.50,2,0,0,0,0,1,0
1800,62,37,15,3,0.10,3,91,0,0,0,0,0
1801,66,41,70,3,2.20,1,0,0,0,0,0,0
1802,38,13,84,4,0.70,3,0,0,0,0,0,0
1803,42,17,155,1,7.00,1,0,0,0,0,1,0
1804,47,21,89,2,0.80,3,0,0,0,1,1,0
1805,27,2,170,3,4.70,1,0,0,0,1,0,1
1806,32,7,185,2,6.70,1,0,0,1,1,1,0
1807,37,13,82,2,2.20,1,0,0,0,0,0,0
1808,56,31,60,3,1.70,1,0,0,0,1,0,0
1809,39,13,58,2,2.40,2,0,0,0,1,0,0
1810,36,12,29,1,1.33,1,81,0,0,1,0,0
1811,32,6,32,2,0.30,1,0,0,0,0,0,0
1812,62,37,115,4,3.40,2,0,0,0,1,1,0
1813,48,22,83,2,2.40,2,0,0,0,1,0,0
1814,58,32,54,3,0.30,2,0,0,0,1,1,0
1815,27,2,112,4,1.80,3,0,1,0,1,0,0
1816,52,26,182,2,1.40,2,0,0,0,1,0,1
1817,54,30,112,2,6.80,1,0,0,0,1,0,0
1818,31,5,129,3,5.90,3,319,1,1,0,1,1
1819,60,34,23,1,0.80,2,112,0,0,1,0,0
1820,34,9,198,2,3.00,1,422,0,0,1,0,0
1821,46,22,84,4,2.00,3,0,0,0,1,0,0
1822,41,15,39,3,0.50,3,0,0,0,0,0,0
1823,62,37,129,1,1.30,1,0,0,0,1,0,0
1824,31,7,113,2,2.00,2,315,0,0,0,0,0
1825,41,11,35,1,0.75,3,114,0,0,1,0,0
1826,55,30,85,1,0.10,3,0,0,0,0,0,0
1827,45,19,73,4,2.90,1,0,0,0,0,0,0
1828,51,25,70,1,0.80,3,0,1,0,1,0,0
1829,27,2,130,3,4.40,1,192,0,0,1,0,1
1830,30,4,39,1,1.50,1,0,0,0,1,0,0
1831,31,5,72,4,1.80,2,242,0,0,1,1,0
1832,61,37,68,4,2.30,3,0,0,0,0,0,0
1833,40,16,35,1,1.40,3,0,0,0,1,1,0
1834,45,21,61,3,0.70,1,0,1,1,1,1,0
1835,45,21,69,4,1.90,1,0,0,0,0,0,0
1836,37,13,59,1,3.60,2,0,0,0,0,0,0
1837,34,8,99,2,4.50,3,217,0,0,0,0,0
1838,43,16,201,1,10.00,2,0,0,0,0,1,1
1839,42,18,130,2,7.50,1,0,0,0,0,1,0
1840,56,31,72,3,2.00,2,0,0,0,0,0,0
1841,33,9,44,1,1.20,1,0,0,0,0,0,0
1842,36,10,91,1,1.50,3,289,0,0,1,0,0
1843,62,37,92,3,0.50,1,310,0,0,1,0,0
1844,58,34,55,1,0.80,1,168,0,0,1,1,0
1845,65,40,20,3,0.50,1,102,0,0,1,1,0
1846,65,40,89,1,4.10,1,299,0,1,1,0,1
1847,52,26,59,2,1.50,2,239,0,0,0,1,0
1848,64,39,8,3,0.10,3,87,0,0,0,1,0
1849,51,25,85,4,4.90,1,0,0,0,1,1,0
1850,59,35,94,1,4.30,1,76,1,1,1,0,0
1851,52,28,22,2,0.40,1,0,0,0,1,1,0
1852,55,31,74,2,3.20,3,0,0,0,1,1,0
1853,46,19,59,3,2.67,2,0,0,0,0,0,0
1854,61,36,12,4,0.60,2,0,0,0,1,1,0
1855,35,9,8,1,0.40,2,0,0,0,1,0,0
1856,56,31,74,3,1.60,3,0,0,0,1,1,0
1857,31,5,184,4,3.40,2,0,0,1,1,1,1
1858,44,19,34,4,0.00,2,0,0,0,0,0,0
1859,53,27,63,2,0.80,3,0,1,0,1,0,0
1860,36,12,123,2,5.60,2,0,0,1,1,1,1
1861,27,1,85,2,1.60,3,0,0,0,0,0,0
1862,36,12,109,3,0.50,3,0,1,1,1,0,1
1863,40,15,31,1,0.60,3,0,0,0,1,0,0
1864,39,13,61,2,2.40,2,90,0,0,1,0,0
1865,59,35,88,2,1.60,1,0,0,0,0,1,0
1866,43,18,22,2,0.30,2,0,0,0,0,0,0
1867,30,4,63,4,2.20,2,0,1,0,1,0,0
1868,26,1,80,4,0.20,1,0,0,0,1,1,0
1869,48,22,78,3,2.10,1,0,0,0,1,1,0
1870,50,24,45,4,0.10,1,93,0,0,1,0,0
1871,33,7,51,4,2.10,3,0,0,0,0,1,0
1872,32,6,111,2,1.50,3,0,0,0,0,0,0
1873,34,10,45,3,2.80,1,153,0,0,1,1,0
1874,33,9,184,2,4.80,2,0,0,0,0,0,1
1875,32,5,41,2,1.00,2,112,1,0,1,0,0
1876,55,30,69,4,1.30,3,0,1,1,1,1,0
1877,58,33,23,3,0.20,1,0,0,0,0,0,0
1878,47,23,160,2,6.67,1,0,0,0,0,0,0
1879,30,5,61,1,0.80,2,251,1,1,1,0,0
1880,42,18,110,2,6.10,1,182,0,0,1,0,0
1881,40,16,50,2,0.60,3,0,0,0,0,0,0
1882,33,9,49,1,2.40,2,0,0,0,1,0,0
1883,46,20,185,4,7.50,2,428,0,0,0,1,1
1884,63,39,52,2,1.10,1,0,0,0,1,1,0
1885,62,37,53,2,2.80,1,0,0,0,1,0,0
1886,43,17,125,4,3.50,2,0,0,0,0,0,1
1887,31,5,72,3,1.60,1,0,0,0,1,0,0
1888,28,2,51,4,1.80,3,0,0,0,0,1,0
1889,64,39,23,3,0.50,1,0,1,0,0,0,0
1890,27,1,41,1,1.90,3,0,0,0,0,1,0
1891,33,9,41,3,2.00,1,108,0,0,1,0,0
1892,39,12,138,1,4.67,2,0,0,0,1,0,1
1893,44,20,138,2,3.30,1,0,0,0,0,1,0
1894,53,28,14,4,0.80,1,0,0,0,1,1,0
1895,42,18,145,2,8.00,1,505,0,0,0,0,0
1896,44,17,25,3,1.00,2,0,0,0,0,1,0
1897,34,10,43,1,1.70,1,142,0,0,0,1,0
1898,47,22,93,1,0.20,2,309,0,0,1,0,0
1899,53,29,90,2,0.30,1,217,1,0,0,1,0
1900,62,36,41,2,1.00,3,154,1,0,1,0,0
1901,61,36,169,2,6.10,3,106,0,1,1,1,1
1902,42,17,63,2,2.20,3,0,0,0,1,0,0
1903,48,21,23,3,0.67,2,95,0,0,0,0,0
1904,38,13,140,4,0.50,1,0,0,0,0,0,1
1905,41,15,75,1,1.50,3,0,0,0,1,0,0
1906,57,32,13,4,0.90,2,78,1,0,1,0,0
1907,31,7,10,1,0.50,3,81,0,0,1,0,0
1908,39,15,100,1,0.80,2,0,0,0,1,0,0
1909,48,22,85,3,1.10,1,203,0,0,1,0,0
1910,55,31,73,3,2.67,1,219,0,0,1,0,0
1911,29,4,130,2,6.70,1,0,0,0,0,1,0
1912,47,22,65,3,2.70,2,0,0,0,1,0,0
1913,61,36,59,4,1.70,1,148,0,0,0,0,0
1914,60,34,31,2,1.00,3,0,0,0,0,0,0
1915,34,10,134,1,4.00,1,0,0,0,0,0,0
1916,45,21,11,4,0.20,1,106,0,0,1,1,0
1917,60,35,32,1,0.30,3,80,0,0,1,0,0
1918,25,0,53,2,1.60,3,0,0,0,1,1,0
1919,41,17,28,1,0.70,1,0,0,0,0,1,0
1920,63,37,44,2,1.00,3,0,0,0,1,0,0
1921,63,39,40,1,0.80,1,118,0,0,0,1,0
1922,43,19,40,3,0.60,2,0,0,0,1,0,0
1923,58,32,163,2,0.50,1,400,0,0,0,0,0
1924,50,25,82,1,1.30,3,0,0,0,1,0,0
1925,38,12,89,4,1.40,2,0,0,0,0,0,0
1926,54,30,78,4,1.60,2,0,0,0,1,1,0
1927,61,36,55,3,0.90,3,197,0,0,0,0,0
1928,29,5,34,4,0.40,2,0,0,0,1,0,0
1929,39,12,108,4,3.67,2,301,0,0,0,1,1
1930,33,7,58,4,2.20,2,0,0,0,1,1,0
1931,23,0,73,4,2.60,1,0,0,0,1,0,0
1932,56,31,54,4,2.10,1,0,0,0,1,0,0
1933,54,30,45,4,0.90,2,0,0,0,0,1,0
1934,37,11,123,1,2.30,2,0,1,1,1,0,1
1935,38,12,93,1,5.20,1,267,0,0,1,0,0
1936,34,9,102,4,2.20,2,0,0,0,1,0,0
1937,53,29,39,3,1.50,1,0,0,0,1,0,0
1938,65,40,114,4,3.40,2,0,0,0,0,1,0
1939,62,37,29,1,0.30,3,0,0,0,0,1,0
1940,51,25,30,3,0.60,2,144,0,0,0,1,0
1941,31,5,22,1,0.60,3,0,0,0,0,0,0
1942,64,38,38,2,0.30,1,186,0,0,1,1,0
1943,39,15,41,2,1.70,1,0,0,0,0,0,0
1944,28,3,161,4,1.70,3,422,0,1,1,1,1
1945,60,35,38,3,0.50,2,0,0,0,1,1,0
1946,47,23,25,1,0.90,3,0,0,0,1,0,0
1947,25,1,70,4,2.60,1,218,0,0,1,0,0
1948,44,19,201,2,8.80,1,0,0,0,1,1,0
1949,51,26,42,2,0.60,3,0,0,0,1,1,0
1950,31,7,64,1,1.20,1,0,0,0,1,0,0
1951,32,7,28,4,1.10,3,0,0,0,0,0,0
1952,51,25,119,1,4.90,1,208,0,0,1,1,0
1953,25,1,28,1,1.00,3,0,0,0,1,0,0
1954,43,19,60,3,2.10,3,0,0,0,1,0,0
1955,54,29,23,1,1.50,2,0,0,0,0,0,0
1956,34,8,164,4,7.40,3,0,0,0,1,0,1
1957,54,30,39,2,0.80,1,0,0,0,0,1,0
1958,42,17,19,2,0.00,3,85,0,0,1,1,0
1959,46,20,72,2,0.80,3,0,0,0,1,1,0
1960,62,37,41,3,0.90,3,0,0,0,1,1,0
1961,31,5,32,2,0.30,2,130,0,0,1,0,0
1962,30,5,69,1,0.80,2,0,0,0,1,0,0
1963,52,28,23,3,0.40,1,0,0,0,1,0,0
1964,35,9,44,4,0.20,1,0,0,0,1,0,0
1965,60,36,32,3,0.40,2,165,0,0,1,0,0
1966,58,34,25,2,0.30,1,123,0,0,1,0,0
1967,24,0,80,2,1.60,3,0,0,0,1,0,0
1968,40,16,83,1,0.80,2,230,1,0,1,0,0
1969,49,23,133,1,7.30,1,0,0,0,1,1,0
1970,43,18,89,1,0.10,2,307,0,0,0,1,0
1971,33,7,81,2,4.50,3,187,0,1,1,1,0
1972,36,11,44,2,1.10,2,85,0,0,1,0,0
1973,62,36,119,2,2.00,1,0,0,0,0,0,0
1974,57,32,39,4,0.90,1,147,0,0,0,0,0
1975,64,38,40,2,1.00,3,0,0,0,0,0,0
1976,52,26,79,3,0.80,1,183,0,0,0,0,0
1977,54,28,30,4,0.70,2,0,0,0,1,0,0
1978,40,14,179,1,2.60,3,0,0,0,1,0,1
1979,30,5,178,2,6.70,1,0,0,0,0,0,0
1980,55,30,82,4,3.80,2,0,0,0,1,0,0
1981,39,13,50,2,2.40,2,0,0,0,0,0,0
1982,55,30,64,2,1.90,2,0,0,0,0,0,0
1983,28,4,129,1,1.50,1,0,0,0,0,1,0
1984,44,18,68,4,2.90,1,0,1,0,0,0,0
1985,46,21,30,1,1.40,3,112,1,0,0,0,0
1986,61,36,48,3,1.50,1,0,0,0,0,1,0
1987,61,36,130,1,1.30,1,257,0,0,0,0,0
1988,45,20,40,1,0.50,3,0,1,0,1,0,0
1989,38,14,105,2,1.90,1,0,0,0,1,0,0
1990,29,3,41,4,0.20,1,0,0,0,1,0,0
1991,52,28,168,3,6.50,3,118,0,0,1,0,1
1992,38,14,80,2,2.70,1,0,0,0,1,0,0
1993,28,3,134,2,3.10,1,0,0,0,1,0,0
1994,34,9,49,1,2.50,3,0,0,0,0,0,0
1995,35,9,63,2,1.80,1,0,0,0,1,0,0
1996,46,22,70,4,1.90,1,212,0,0,0,1,0
1997,63,37,32,3,0.70,2,141,0,0,0,0,0
1998,33,9,14,3,0.90,3,114,0,0,0,0,0
1999,38,14,111,2,6.10,1,326,0,0,0,0,0
2000,53,27,38,4,2.80,2,144,1,0,1,0,0
